Regression,Ologit Group,Variable (concept),Reference question (latest available wording),2013 column,2013 answers,2013 note,2014 column,2014 answers,2014 note,2015 column,2015 answers,2015 note,2016 column,2016 answers,2016 note,2017 column,2017 answers,2017 note
Main,weight,FAKTOR_FERT,Fert tahmini için örnekleme tarafından hesaplanan ağırlık değeri,ff,,,ff,,,FAKTOR_FERT,,,FAKTOR_FERT,,,FAKTOR_FERT,,
Main,hap / hap_binary,MUTLULUK,B9 Yaşamınızı bir bütün olarak düşündüğünüzde ne kadar mutlusunuz?,b9,1 Çok mutlu; 2 Mutlu; 3 Orta; 4 Mutsuz; 5 Çok mutsuz,,b9,1 Çok mutlu; 2 Mutlu; 3 Orta; 4 Mutsuz; 5 Çok mutsuz,,MUTLULUK,1 Çok mutlu; 2 Mutlu; 3 Orta; 4 Mutsuz; 5 Çok mutsuz,,MUTLULUK,1 Çok mutlu; 2 Mutlu; 3 Orta; 4 Mutsuz; 5 Çok mutsuz,,MUTLULUK,1 Çok mutlu; 2 Mutlu; 3 Orta; 4 Mutsuz; 5 Çok mutsuz,
Main,sex,CINSIYET,Görüşülen kişinin cinsiyeti,cins,1 Erkek; 2 Kadın,,cins,1 Erkek; 2 Kadın,,CINSIYET,1 Erkek; 2 Kadın,,CINSIYET,1 Erkek; 2 Kadın,,CINSIYET,1 Erkek; 2 Kadın,
Main,age / age2,BITIRILEN_YAS,Ferdin bitirdiği yaş,yas,,Araştırmanın uygulandığı referans dönemi itibari ile hesaplanmıştır,yas,,Araştırmanın uygulandığı referans dönemi itibari ile hesaplanmıştır,BITIRILEN_YAS,,Araştırmanın uygulandığı referans dönemi itibari ile,BITIRILEN_YAS,,Araştırmanın uygulandığı referans dönemi itibari ile hesaplanan yaş,BITIRILEN_YAS,,Araştırmanın uygulandığı referans dönemi itibari ile hesaplanan yaş
Main,mars (marital status),MEDENI_DURUM,B1 Medeni durumunuz nedir?,b1,1 Hiç evlenmedi; 2 Evli; 3 Boşandı; 4 Eşi öldü,,b1,1 Hiç evlenmedi; 2 Evli; 3 Boşandı; 4 Eşi öldü,,MEDENI_DURUM,1 Hiç evlenmedi; 2 Evli; 3 Boşandı; 4 Eşi öldü,,MEDENI_DURUM,1 Hiç evlenmedi; 2 Evli; 3 Boşandı; 4 Eşi öldü,,MEDENI_DURUM,1 Hiç evlenmedi; 2 Evli; 3 Boşandı; 4 Eşi öldü,
Main,mars (marriage satisfaction),OLCEK_MEMNUNIYET_EVLILIK,B12.2 Evliliğinizden memnun musunuz?,b12_2,1 Çok memnun; 2 Memnun; 3 Orta; 4 Memnun değil; 5 Hiç memnun değil,MEDENI_DURUM=2 ise sorunuz,b12_2,1 Çok memnun; 2 Memnun; 3 Orta; 4 Memnun değil; 5 Hiç memnun değil,MEDENI_DURUM=2 ise sorunuz,OLCEK_MEMNUNIYET_EVLILIK,1 Çok memnun; 2 Memnun; 3 Orta; 4 Memnun değil; 5 Hiç memnun değil,MEDENI_DURUM=2 ise sorunuz,OLCEK_MEMNUNIYET_EVLILIK,1 Çok memnun; 2 Memnun; 3 Orta; 4 Memnun değil; 5 Hiç memnun değil,MEDENI_DURUM=2 ise sorunuz,OLCEK_MEMNUNIYET_EVLILIK,1 Çok memnun; 2 Memnun; 3 Orta; 4 Memnun değil; 5 Hiç memnun değil,MEDENI_DURUM=2 ise sorunuz
Main,edl (education level),OKUL_BITEN,B2 En son hangi okulu bitirdiniz?,b2,0 Bir okul bitirmedi; 1 İlkokul; 4 2 veya 3 yıllık yüksekokul; 5 4 yıllık yüksekokul veya fakülte; 6 Yüksek lisans/doktora(5 veya 6 yıllık fakülteler dahil); 21 Genel ortaokul; 22 Mesleki veya teknik ortaokul; 23 İlköğretim; 31 Genel lise; 32 Mesleki veya teknik lise,OKUL_BITEN <>0 ise B4'e geçiniz,b2,0 Bir okul bitirmedi; 1 İlkokul; 4 2 veya 3 yıllık yüksekokul; 5 4 yıllık yüksekokul veya fakülte; 6 Yüksek lisans/doktora(5 veya 6 yıllık fakülteler dahil); 21 Genel ortaokul; 22 Mesleki veya teknik ortaokul; 23 İlköğretim; 31 Genel lise; 32 Mesleki veya teknik lise,OKUL_BITEN <>0 ise B4'e geçiniz,OKUL_BITEN,0 Bir okul bitirmedi; 1 İlkokul; 21 Genel ortaokul; 22 Mesleki veya teknik ortaokul; 23 İlköğretim; 31 Genel lise; 32 Mesleki veya teknik lise; 4 2 veya 3 yıllık yüksekokul; 5 4 yıllık yüksekokul veya fakülte; 6 Yüksek lisans/doktora(5 veya 6 yıllık fakülteler dahil); 7 Doktora,OKUL_BITEN <>0 ise B4'e geçiniz,OKUL_BITEN,0 Bir okul bitirmedi; 1 İlkokul; 21 Genel ortaokul; 22 Mesleki veya teknik ortaokul; 23 İlköğretim; 31 Genel lise; 32 Mesleki veya teknik lise; 4 2 veya 3 yıllık yüksekokul; 5 4 yıllık yüksekokul veya fakülte; 6 Yüksek lisans (5 veya 6 yıllık fakülteler dahil); 7 Doktora,OKUL_BITEN <>0 ise B4'e geçiniz,OKUL_BITEN,1 Bir okul bitirmedi; 2 İlkokul; 31 Genel ortaokul; 32 Mesleki veya teknik ortaokul; 33 İlköğretim; 41 Genel lise; 42 Mesleki veya teknik lise; 511 2 veya 3 yıllık yüksekokul; 512 4 yıllık yüksekokul veya fakülte; 52 Yüksek lisans (5 veya 6 yıllık fakülteler dahil); 53 Doktora,OKUL_BITEN <>1 ise B4'e geçiniz
Main,jobs (employment status),CALISMA_DURUM,B4 Son bir hafta içinde ücretli ya da ücretsiz olarak bir işte çalıştınız mı?,b4,1 Çalıştı [işli]; 2 Çalışmadı fakat işi ile ilgisi devam ediyor [işli]; 3 Çalışmadı [?],CALISMA_DURUM<>3 ise B6'ya geçiniz,b4,1 Çalıştı; 2 Çalışmadı fakat işi ile ilgisi devam ediyor; 3 Çalışmadı,CALISMA_DURUM<>3 ise B6'ya geçiniz,CALISMA_DURUM,1 Çalıştı; 2 Çalışmadı fakat işi ile ilgisi devam ediyor; 3 Çalışmadı,CALISMA_DURUM<>3 ise B6'ya geçiniz,CALISMA_DURUM,1 Çalıştı; 2 Çalışmadı fakat işi ile ilgisi devam ediyor; 3 Çalışmadı,CALISMA_DURUM<>3 ise B6'ya geçiniz,CALISMA_DURUM,1 Çalıştı; 2 Çalışmadı fakat işi ile ilgisi devam ediyor; 3 Çalışmadı,CALISMA_DURUM<>3 ise B6'ya geçiniz
Main,jobs (employment status),CALISMAMA_NEDEN,B5 Çalışmama nedeniniz nedir?,b5,"1 İş bulamama [işsiz]; 2 Mevsimlik çalışıyor [işsiz]; 3 Eğitim ve öğretimine devam ediyor [işgücüne dahil değil]; 4 Ev işleri ile meşgul (çocuk, yaşlı, hasta,  vb. kişilerin bakımı dahil) [işgücüne dahil değil]; 5 Emekli veya işi bırakmış [işgücüne dahil değil]; 6 Özürlü veya hasta (çalışamaz halde) [işgücüne dahil değil]; 7 Yaşlı (emekli değil, ancak çalışmak için yaşlı olduğunu düşünüyor, 65+) [işgücüne dahil değil]; 8 İrad sahibi [işgücüne dahil değil]; 9 Ailevi ve kişisel nedenler [işgücüne dahil değil]; 98 Diğer [işgücüne dahil değil]",CALISMA_DURUM=3 ise sorunuz,b5,"1 İş bulamama; 2 Mevsimlik çalışıyor; 3 Eğitim ve öğretimine devam ediyor; 4 Ev işleri ile meşgul (çocuk, yaşlı, hasta,  vb. kişilerin bakımı dahil); 5 Emekli veya işi bırakmış; 6 Özürlü veya hasta (çalışamaz halde); 7 Yaşlı (emekli değil, ancak çalışmak için yaşlı olduğunu düşünüyor, 65+); 8 İrad sahibi; 9 Ailevi ve kişisel nedenler; 98 Diğer",CALISMA_DURUM=3 ise sorunuz,CALISMAMA_NEDEN,"1 İş bulamama; 2 Mevsimlik çalışıyor; 3 Eğitim ve öğretimine devam ediyor; 4 Ev işleri ile meşgul (çocuk, yaşlı, hasta,  vb. kişilerin bakımı dahil); 5 Emekli veya işi bırakmış; 6 Özürlü veya hasta (çalışamaz halde); 7 Yaşlı (emekli değil, ancak çalışmak için yaşlı olduğunu düşünüyor, 65+); 8 İrad sahibi; 9 Ailevi ve kişisel nedenler; 98 Diğer",CALISMA_DURUM=3 ise sorunuz,CALISMAMA_NEDEN,"1 İş bulamama/işsiz olup iş arıyor; 2 Mevsimlik çalışıyor; 3 Eğitim ve öğretimine devam ediyor; 4 Ev işleri ile meşgul (çocuk, yaşlı, hasta  vb. kişilerin bakımı dahil); 5 Emekli veya işi bırakmış; 6 Engelli veya hasta (çalışamaz halde); 7 Yaşlı (emekli değil, ancak çalışmak için yaşlı olduğunu düşünüyor, 65+); 8 İrad sahibi; 9 Ailevi ve kişisel nedenler; 98 Diğer",CALISMA_DURUM=3 ise sorunuz,CALISMAMA_NEDEN,"1 İş bulamama/işsiz olup iş arıyor; 2 Mevsimlik çalışıyor; 3 Eğitim ve öğretimine devam ediyor; 4 Ev işleri ile meşgul (çocuk, yaşlı, hasta  vb. kişilerin bakımı dahil); 5 Emekli veya işi bırakmış; 6 Engelli veya hasta (çalışamaz halde); 7 Yaşlı (emekli değil, ancak çalışmak için yaşlı olduğunu düşünüyor, 65+); 8 İrad sahibi; 9 Ailevi ve kişisel nedenler; 98 Diğer",CALISMA_DURUM=3 ise sorunuz
Main,jobs (job satisfaction),OLCEK_MEMNUNIYET_IS,B12.6 İşinizden memnun musunuz?,b12_6,1 Çok memnun; 2 Memnun; 3 Orta; 4 Memnun değil; 5 Hiç memnun değil,CALISMA_DURUM=1 veya 2 ise sorunuz,b12_6,1 Çok memnun; 2 Memnun; 3 Orta; 4 Memnun değil; 5 Hiç memnun değil,CALISMA_DURUM=1 veya 2 ise sorunuz,OLCEK_MEMNUNIYET_IS,1 Çok memnun; 2 Memnun; 3 Orta; 4 Memnun değil; 5 Hiç memnun değil,CALISMA_DURUM=1 veya 2 ise sorunuz,OLCEK_MEMNUNIYET_IS,1 Çok memnun; 2 Memnun; 3 Orta; 4 Memnun değil; 5 Hiç memnun değil,CALISMA_DURUM=1 veya 2 ise sorunuz,OLCEK_MEMNUNIYET_IS,1 Çok memnun; 2 Memnun; 3 Orta; 4 Memnun değil; 5 Hiç memnun değil,CALISMA_DURUM=1 veya 2 ise sorunuz
Main,mat (materialism),NE_MUTLU,B11 Sizi hayatta en çok ne mutlu eder?,b11,2 Başarı; 3 İş; 4 Sağlık; 5 Sevgi; 6 Para; 98 Diğer,,b11,2 Başarı; 3 İş; 4 Sağlık; 5 Sevgi; 6 Para; 98 Diğer,,NE_MUTLU,2 Başarı; 3 İş; 4 Sağlık; 5 Sevgi; 6 Para; 98 Diğer,,NE_MUTLU,2 Başarı; 3 İş; 4 Sağlık; 5 Sevgi; 6 Para; 98 Diğer,,NE_MUTLU,2 Başarı; 3 İş; 4 Sağlık; 5 Sevgi; 6 Para; 98 Diğer,
Main,sw (cantril ladder),UMUT_BASAMAK,"B41 Türkiye'de yaşayan insanların refah düzeyini ""0"" basamağı en düşük ""10"" basamağı en yüksek"" düzey olarak düşündüğünüzde, kendinizi hangi düzeyde görüyorsunuz? DİKKAT! REFAH DÜZEYİ KARTINI GÖSTERİNİZ.",b41,1 Düzey 0; 2 Düzey 1; 3 Düzey 2; 4 Düzey 3; 5 Düzey 4; 6 Düzey 5; 7 Düzey 6; 8 Düzey 7; 9 Düzey 8; 10 Düzey 9; 11 Düzey 10,,b41,1 Düzey 0; 2 Düzey 1; 3 Düzey 2; 4 Düzey 3; 5 Düzey 4; 6 Düzey 5; 7 Düzey 6; 8 Düzey 7; 9 Düzey 8; 10 Düzey 9; 11 Düzey 10,,UMUT_BASAMAK,1 Düzey 0; 2 Düzey 1; 3 Düzey 2; 4 Düzey 3; 5 Düzey 4; 6 Düzey 5; 7 Düzey 6; 8 Düzey 7; 9 Düzey 8; 10 Düzey 9; 11 Düzey 10,,UMUT_BASAMAK,0; 1; 2; 3; 4; 5; 6; 7; 8; 9; 10,,UMUT_BASAMAK,0; 1; 2; 3; 4; 5; 6; 7; 8; 9; 10,
Main,hhi_lvl (income tier),GELIR_GRUP,"H19.A Hanenizin aylık toplam net geliri (maaş, ücret, kira, faiz, müteşebbis vb. gelirleri) şimdi okuyacağım gelir gruplarından hangisine girmektedir?",h19,1 0 - 1080 TL; 2 1081 – 1 550 TL; 3 1 551 – 2 170 TL; 4 2 171 – 3 180 TL; 5 3 181 + TL,,h19,1 0 - 1 1179 TL; 2 1180 – 1 692 TL; 3 1 693 – 2 369 TL; 4 2 370 – 3 471 TL; 5 3 472 + TL,,GELIR_GRUP,1 0 - 1 264 TL; 2 1 265 - 1 814 TL; 3 1 815 - 2 540 TL; 4 2 541 - 3 721 TL; 5 3 722+ TL,,GELIR_GRUP,1   0 - 1 361 TL; 2   1 362 - 1 953 TL; 3   1 954 - 2 734 TL; 4   2 735 - 4 005 TL; 5   4 006+ TL,,GELIR_GRUP,1   0 - 1 509 TL; 2   1 510 TL - 2 166 TL; 3   2 167 TL - 3 032 TL; 4   3 033 - 4 442 TL; 5   4 443+ TL,
Main,hhi_suf (income sufficiency),OLCEK_GELIR_KARSILAMA,H20 Bu gelirle hanenizin temel ihtiyaçlarını hangi düzeyde karşılayabiliyorsunuz?,h20,1 Çok kolay; 2 Kolay; 3 Orta; 4 Zor; 5 Çok zor,,h20,1 Çok kolay; 2 Kolay; 3 Orta; 4 Zor; 5 Çok zor,,OLCEK_GELIR_KARSILAMA,1 Çok kolay; 2 Kolay; 3 Orta; 4 Zor; 5 Çok zor,,OLCEK_GELIR_KARSILAMA,1 Çok kolay; 2 Kolay; 3 Orta; 4 Zor; 5 Çok zor,,OLCEK_GELIR_KARSILAMA,1 Çok kolay; 2 Kolay; 3 Orta; 4 Zor; 5 Çok zor,
Main,sh (subjective health),OLCEK_MEMNUNIYET_SAGLIK,B12.1 Sağlığınızdan memnun musunuz?,b12_1,1 Çok memnun; 2 Memnun; 3 Orta; 4 Memnun değil; 5 Hiç memnun değil,,b12_1,1 Çok memnun; 2 Memnun; 3 Orta; 4 Memnun değil; 5 Hiç memnun değil,,OLCEK_MEMNUNIYET_SAGLIK,1 Çok memnun; 2 Memnun; 3 Orta; 4 Memnun değil; 5 Hiç memnun değil,,OLCEK_MEMNUNIYET_SAGLIK,1 Çok memnun; 2 Memnun; 3 Orta; 4 Memnun değil; 5 Hiç memnun değil,,OLCEK_MEMNUNIYET_SAGLIK,1 Çok memnun; 2 Memnun; 3 Orta; 4 Memnun değil; 5 Hiç memnun değil,
Main,eds (education satisfaction),OLCEK_MEMNUNIYET_EGITIM,B12.3 Şimdiye kadar almış olduğunuz eğitimden memnun musunuz?,b12_3,1 Çok memnun; 2 Memnun; 3 Orta; 4 Memnun değil; 5 Hiç memnun değil; 6 Eğitim almadı,,b12_3,1 Çok memnun; 2 Memnun; 3 Orta; 4 Memnun değil; 5 Hiç memnun değil; 6 Eğitim almadı,,OLCEK_MEMNUNIYET_EGITIM,1 Çok memnun; 2 Memnun; 3 Orta; 4 Memnun değil; 5 Hiç memnun değil; 6 Eğitim almadı,,OLCEK_MEMNUNIYET_EGITIM,1 Çok memnun; 2 Memnun; 3 Orta; 4 Memnun değil; 5 Hiç memnun değil; 6 Eğitim almadı,,OLCEK_MEMNUNIYET_EGITIM,1 Çok memnun; 2 Memnun; 3 Orta; 4 Memnun değil; 5 Hiç memnun değil; 6 Eğitim almadı,
Main,hos (housing satisfaction),OLCEK_MEMNUNIYET_KONUT,B12.4 Oturduğunuz konuttan memnun musunuz?,b12_4,1 Çok memnun; 2 Memnun; 3 Orta; 4 Memnun değil; 5 Hiç memnun değil,,b12_4,1 Çok memnun; 2 Memnun; 3 Orta; 4 Memnun değil; 5 Hiç memnun değil,,OLCEK_MEMNUNIYET_KONUT,1 Çok memnun; 2 Memnun; 3 Orta; 4 Memnun değil; 5 Hiç memnun değil,,OLCEK_MEMNUNIYET_KONUT,1 Çok memnun; 2 Memnun; 3 Orta; 4 Memnun değil; 5 Hiç memnun değil,,OLCEK_MEMNUNIYET_KONUT,1 Çok memnun; 2 Memnun; 3 Orta; 4 Memnun değil; 5 Hiç memnun değil,
Main,dis (neighbourhood satisfaction),OLCEK_MEMNUNIYET_SEMT,B12.5 Oturduğunuz semtten veya mahalleden memnun musunuz?,b12_5,1 Çok memnun; 2 Memnun; 3 Orta; 4 Memnun değil; 5 Hiç memnun değil,,b12_5,1 Çok memnun; 2 Memnun; 3 Orta; 4 Memnun değil; 5 Hiç memnun değil,,OLCEK_MEMNUNIYET_SEMT,1 Çok memnun; 2 Memnun; 3 Orta; 4 Memnun değil; 5 Hiç memnun değil,,OLCEK_MEMNUNIYET_SEMT,1 Çok memnun; 2 Memnun; 3 Orta; 4 Memnun değil; 5 Hiç memnun değil,,OLCEK_MEMNUNIYET_SEMT,1 Çok memnun; 2 Memnun; 3 Orta; 4 Memnun değil; 5 Hiç memnun değil,
Main,hhi_sat (income satisfaction),OLCEK_MEMNUNIYET_GELIR,B12.8 Aylık hanehalkı gelirinizden memnun musunuz?,b12_8,1 Çok memnun; 2 Memnun; 3 Orta; 4 Memnun değil; 5 Hiç memnun değil,,b12_8,1 Çok memnun; 2 Memnun; 3 Orta; 4 Memnun değil; 5 Hiç memnun değil,,OLCEK_MEMNUNIYET_GELIR,1 Çok memnun; 2 Memnun; 3 Orta; 4 Memnun değil; 5 Hiç memnun değil,,OLCEK_MEMNUNIYET_GELIR,1 Çok memnun; 2 Memnun; 3 Orta; 4 Memnun değil; 5 Hiç memnun değil,,OLCEK_MEMNUNIYET_GELIR,1 Çok memnun; 2 Memnun; 3 Orta; 4 Memnun değil; 5 Hiç memnun değil,
Main,frs (friends satisfaction),OLCEK_MEMNUNIYET_ARKADAS,B13.2 Arkadaşlarınızla ilişkilerinizden memnun musunuz?,b13_2,1 Çok memnun; 2 Memnun; 3 Orta; 4 Memnun değil; 5 Hiç memnun değil,,b13_2,1 Çok memnun; 2 Memnun; 3 Orta; 4 Memnun değil; 5 Hiç memnun değil,,OLCEK_MEMNUNIYET_ARKADAS,1 Çok memnun; 2 Memnun; 3 Orta; 4 Memnun değil; 5 Hiç memnun değil,,OLCEK_MEMNUNIYET_ARKADAS,1 Çok memnun; 2 Memnun; 3 Orta; 4 Memnun değil; 5 Hiç memnun değil,,OLCEK_MEMNUNIYET_ARKADAS,1 Çok memnun; 2 Memnun; 3 Orta; 4 Memnun değil; 5 Hiç memnun değil,
Main,nes (neighbours satisfaction),OLCEK_MEMNUNIYET_KOMSU,B13.3 Komşularınızla ilişkilerinizden memnun musunuz?,b13_3,1 Çok memnun; 2 Memnun; 3 Orta; 4 Memnun değil; 5 Hiç memnun değil,,b13_3,1 Çok memnun; 2 Memnun; 3 Orta; 4 Memnun değil; 5 Hiç memnun değil,,OLCEK_MEMNUNIYET_KOMSU,1 Çok memnun; 2 Memnun; 3 Orta; 4 Memnun değil; 5 Hiç memnun değil,,OLCEK_MEMNUNIYET_KOMSU,1 Çok memnun; 2 Memnun; 3 Orta; 4 Memnun değil; 5 Hiç memnun değil,,OLCEK_MEMNUNIYET_KOMSU,1 Çok memnun; 2 Memnun; 3 Orta; 4 Memnun değil; 5 Hiç memnun değil,
Main,sls (social life satisfaction),OLCEK_MEMNUNIYET_SOS_HAYAT,"B12.9 Sosyal hayatınızdan (eğlence, kültürel ve sportif faaliyetler gibi) memnun musunuz?",b12_9,1 Çok memnun; 2 Memnun; 3 Orta; 4 Memnun değil; 5 Hiç memnun değil,,b12_9,1 Çok memnun; 2 Memnun; 3 Orta; 4 Memnun değil; 5 Hiç memnun değil,,OLCEK_MEMNUNIYET_SOS_HAYAT,1 Çok memnun; 2 Memnun; 3 Orta; 4 Memnun değil; 5 Hiç memnun değil,,OLCEK_MEMNUNIYET_SOS_HAYAT,1 Çok memnun; 2 Memnun; 3 Orta; 4 Memnun değil; 5 Hiç memnun değil,,OLCEK_MEMNUNIYET_SOS_HAYAT,1 Çok memnun; 2 Memnun; 3 Orta; 4 Memnun değil; 5 Hiç memnun değil,
Main,tul (leisure/personal care satisfaction),OLCEK_MEMNUNIYET_KISISEL_BKM,B12.10 Kendinize ayırdığınız zamandan memnun musunuz?,b12_10,1 Çok memnun; 2 Memnun; 3 Orta; 4 Memnun değil; 5 Hiç memnun değil,,b12_10,1 Çok memnun; 2 Memnun; 3 Orta; 4 Memnun değil; 5 Hiç memnun değil,,OLCEK_MEMNUNIYET_KISISEL_BKM,1 Çok memnun; 2 Memnun; 3 Orta; 4 Memnun değil; 5 Hiç memnun değil,,OLCEK_MEMNUNIYET_KISISEL_BKM,1 Çok memnun; 2 Memnun; 3 Orta; 4 Memnun değil; 5 Hiç memnun değil,,OLCEK_MEMNUNIYET_KISISEL_BKM,1 Çok memnun; 2 Memnun; 3 Orta; 4 Memnun değil; 5 Hiç memnun değil,
Main,psh (safety at home),GUVEN_EV,B38 Evinizde yalnızken kendinizi ne kadar güvende hissediyorsunuz?,b38,1 Çok güvenli; 2 Güvenli; 3 Orta; 4 Güvensiz; 5 Çok güvensiz,,b38,1 Çok güvenli; 2 Güvenli; 3 Orta; 4 Güvensiz; 5 Çok güvensiz,,GUVEN_EV,1 Çok güvenli; 2 Güvenli; 3 Orta; 4 Güvensiz; 5 Çok güvensiz,,GUVEN_EV,1 Çok güvenli; 2 Güvenli; 3 Orta; 4 Güvensiz; 5 Çok güvensiz,,GUVEN_EV,1 Çok güvenli; 2 Güvenli; 3 Orta; 4 Güvensiz; 5 Çok güvensiz,
Main,pse (safety around home),GUVEN_CEVRE,"B39 Yaşadığınız çevrede, gece yalnız yürürken kendinizi ne kadar güvende hissediyorsunuz?",b39,1 Çok güvenli; 2 Güvenli; 3 Orta; 4 Güvensiz; 5 Çok güvensiz,,b39,1 Çok güvenli; 2 Güvenli; 3 Orta; 4 Güvensiz; 5 Çok güvensiz,,GUVEN_CEVRE,1 Çok güvenli; 2 Güvenli; 3 Orta; 4 Güvensiz; 5 Çok güvensiz,,GUVEN_CEVRE,1 Çok güvenli; 2 Güvenli; 3 Orta; 4 Güvensiz; 5 Çok güvensiz,,GUVEN_CEVRE,1 Çok güvenli; 2 Güvenli; 3 Orta; 4 Güvensiz; 5 Çok güvensiz,
Main,doh (degree of hope),UMUT,B40 Kendi geleceğinizden ne kadar umutlusunuz?,b40,1 Çok umutlu; 2 Umutlu; 3 Umutlu değil; 4 Hiç umutlu değil,,b40,1 Çok umutlu; 2 Umutlu; 3 Umutlu değil; 4 Hiç umutlu değil,,UMUT,1 Çok umutlu; 2 Umutlu; 3 Umutlu değil; 4 Hiç umutlu değil,,UMUT,1 Çok umutlu; 2 Umutlu; 3 Umutlu değil; 4 Hiç umutlu değil,,UMUT,1 Çok umutlu; 2 Umutlu; 3 Umutlu değil; 4 Hiç umutlu değil,
Main,fya (comparison to 5y ago),GECMIS_KARSILASTIRMA,B42 5 yıl öncesi ile karşılaştırdığınızda bugünkü durumunuzu (maddi veya manevi) nasıl görüyorsunuz?,b42,1 Gelişti; 2 Aynı seviyede kaldı; 3 Geriledi; 4 Fikri yok,,b42,1 Gelişti; 2 Aynı seviyede kaldı; 3 Geriledi; 4 Fikri yok,,GECMIS_KARSILASTIRMA,1 Gelişti; 2 Aynı seviyede kaldı; 3 Geriledi; 4 Fikri yok,,GECMIS_KARSILASTIRMA,1 Gelişti; 2 Aynı seviyede kaldı; 3 Geriledi; 4 Fikri yok,,GECMIS_KARSILASTIRMA,1 Gelişti; 2 Aynı seviyede kaldı; 3 Geriledi; 4 Fikri yok,
Main,fyl (expectation 5y later),GELECEK_KARSILASTIRMA,"B43 Gelecek 5 yıllık dönemi düşündüğünüzde, genel olarak durumunuzun nasıl olacağını tahmin ediyorsunuz?",b43,1 Gelişecek; 2 Aynı seviyede kalacak; 3 Gerileyecek; 4 Fikri yok,,b43,1 Gelişecek; 2 Aynı seviyede kalacak; 3 Gerileyecek; 4 Fikri yok,,GELECEK_KARSILASTIRMA,1 Gelişecek; 2 Aynı seviyede kalacak; 3 Gerileyecek; 4 Fikri yok,,GELECEK_KARSILASTIRMA,1 Gelişecek; 2 Aynı seviyede kalacak; 3 Gerileyecek; 4 Fikri yok,,GELECEK_KARSILASTIRMA,1 Gelişecek; 2 Aynı seviyede kalacak; 3 Gerileyecek; 4 Fikri yok,
Main,lyp (positive life events),ISE_GIRDI,"B48.1 Son bir yılda, işe girdim (iş arayanlar için)",b48_1,1 Evet; 2 Hayır; 3 İlgili değil,,b48_1,1 Evet; 2 Hayır; 3 İlgili değil,,ISE_GIRDI,1 Evet; 2 Hayır; 3 İlgili değil,,ISE_GIRDI,1 Evet; 2 Hayır; 3 İlgili değil,,ISE_GIRDI,1 Evet; 2 Hayır; 3 İlgili değil,
Main,lyp (positive life events),ISYERI_ACTI,"B48.2 Son bir yılda, Yeni iş yeri açtım",b48_2,1 Evet; 2 Hayır; 3 İlgili değil,,b48_2,1 Evet; 2 Hayır; 3 İlgili değil,,ISYERI_ACTI,1 Evet; 2 Hayır; 3 İlgili değil,,ISYERI_ACTI,1 Evet; 2 Hayır; 3 İlgili değil,,ISYERI_ACTI,1 Evet; 2 Hayır; 3 İlgili değil,
Main,lyp (positive life events),GELIRI_ARTTI,"B48.6 Son bir yılda, Gelirim arttı",b48_6,1 Evet; 2 Hayır; 3 İlgili değil,,b48_6,1 Evet; 2 Hayır; 3 İlgili değil,,GELIRI_ARTTI,1 Evet; 2 Hayır; 3 İlgili değil,,GELIRI_ARTTI,1 Evet; 2 Hayır; 3 İlgili değil,,GELIRI_ARTTI,1 Evet; 2 Hayır; 3 İlgili değil,
Main,lyp (positive life events),TASARRUF_YAPTI,"B48.8 Son bir yılda, Tasarruf yapmaya başladım",b48_8,1 Evet; 2 Hayır,,b48_8,1 Evet; 2 Hayır,,TASARRUF_YAPTI,1 Evet; 2 Hayır,,TASARRUF_YAPTI,1 Evet; 2 Hayır,,TASARRUF_YAPTI,1 Evet; 2 Hayır,
Main,lyp (positive life events),ARABA_ALDI,"B48.12 Son bir yılda, Araba aldım",b48_12,1 Evet; 2 Hayır,,b48_12,1 Evet; 2 Hayır,,ARABA_ALDI,1 Evet; 2 Hayır,,ARABA_ALDI,1 Evet; 2 Hayır,,ARABA_ALDI,1 Evet; 2 Hayır,
Main,lyp (positive life events),EV_ALDI,"B48.13 Son bir yılda, Ev, arsa, yazlık vb. aldım",b48_13,1 Evet; 2 Hayır,,b48_13,1 Evet; 2 Hayır,,EV_ALDI,1 Evet; 2 Hayır,,EV_ALDI,1 Evet; 2 Hayır,,EV_ALDI,1 Evet; 2 Hayır,
Main,lyp (positive life events),BORC_ODEDI,"B48.17 Son bir yılda, borçlarımı ödedim",b48_17,1 Evet; 2 Hayır; 3 İlgili değil,,b48_17,1 Evet; 2 Hayır; 3 İlgili değil,,BORC_ODEDI,1 Evet; 2 Hayır; 3 İlgili değil,,BORC_ODEDI,1 Evet; 2 Hayır; 3 İlgili değil,,BORC_ODEDI,1 Evet; 2 Hayır; 3 İlgili değil,
Main,lyn (negative life events),ISINI_KAYBETTI,"B48.3 Son bir yılda, İşimi kaybettim",b48_3,1 Evet; 2 Hayır; 3 İlgili değil,,b48_3,1 Evet; 2 Hayır; 3 İlgili değil,,ISINI_KAYBETTI,1 Evet; 2 Hayır; 3 İlgili değil,,ISINI_KAYBETTI,1 Evet; 2 Hayır; 3 İlgili değil,,ISINI_KAYBETTI,1 Evet; 2 Hayır; 3 İlgili değil,
Main,lyn (negative life events),IFLAS_ETTI,"B48.4 Son bir yılda, İflas ettim/dükkan kapattım",b48_4,1 Evet; 2 Hayır; 3 İlgili değil,,b48_4,1 Evet; 2 Hayır; 3 İlgili değil,,IFLAS_ETTI,1 Evet; 2 Hayır; 3 İlgili değil,,IFLAS_ETTI,1 Evet; 2 Hayır; 3 İlgili değil,,IFLAS_ETTI,1 Evet; 2 Hayır; 3 İlgili değil,
Main,lyn (negative life events),GELIRI_AZALDI,"B48.5 Son bir yılda, Gelirim azaldı",b48_5,1 Evet; 2 Hayır; 3 İlgili değil,,b48_5,1 Evet; 2 Hayır; 3 İlgili değil,,GELIRI_AZALDI,1 Evet; 2 Hayır; 3 İlgili değil,,GELIRI_AZALDI,1 Evet; 2 Hayır; 3 İlgili değil,,GELIRI_AZALDI,1 Evet; 2 Hayır; 3 İlgili değil,
Main,lyn (negative life events),TASARRUFLARI_AZALDI,"B48.7 Son bir yılda, Tasarruflarımda azalma oldu",b48_7,1 Evet; 2 Hayır; 3 İlgili değil,,b48_7,1 Evet; 2 Hayır; 3 İlgili değil,,TASARRUFLARI_AZALDI,1 Evet; 2 Hayır; 3 İlgili değil,,TASARRUFLARI_AZALDI,1 Evet; 2 Hayır; 3 İlgili değil,,TASARRUFLARI_AZALDI,1 Evet; 2 Hayır; 3 İlgili değil,
Main,lyn (negative life events),UCUZ_URUN,"B48.9 Son bir yılda, Daha ucuz ürünlerin tüketimine yöneldim",b48_9,1 Evet; 2 Hayır,,b48_9,1 Evet; 2 Hayır,,UCUZ_URUN,1 Evet; 2 Hayır,,UCUZ_URUN,1 Evet; 2 Hayır,,UCUZ_URUN,1 Evet; 2 Hayır,
Main,lyn (negative life events),TATIL_KISTI,"B48.10 Son bir yılda, Eğlence/tatil harcamalarımı kıstım",b48_10,1 Evet; 2 Hayır; 3 İlgili değil,,b48_10,1 Evet; 2 Hayır; 3 İlgili değil,,TATIL_KISTI,1 Evet; 2 Hayır; 3 İlgili değil,,TATIL_KISTI,1 Evet; 2 Hayır; 3 İlgili değil,,TATIL_KISTI,1 Evet; 2 Hayır; 3 İlgili değil,
Main,lyn (negative life events),ARABA_SATTI,"B48.14 Son bir yılda, Arabamı sattım",b48_14,1 Evet; 2 Hayır; 3 İlgili değil,,b48_14,1 Evet; 2 Hayır; 3 İlgili değil,,ARABA_SATTI,1 Evet; 2 Hayır; 3 İlgili değil,,ARABA_SATTI,1 Evet; 2 Hayır; 3 İlgili değil,,ARABA_SATTI,1 Evet; 2 Hayır; 3 İlgili değil,
Main,lyn (negative life events),EV_SATTI,"B48.15 Son bir yılda, Ev, arsa, yazlık vb. sattım",b48_15,1 Evet; 2 Hayır; 3 İlgili değil,,b48_15,1 Evet; 2 Hayır; 3 İlgili değil,,EV_SATTI,1 Evet; 2 Hayır; 3 İlgili değil,,EV_SATTI,1 Evet; 2 Hayır; 3 İlgili değil,,EV_SATTI,1 Evet; 2 Hayır; 3 İlgili değil,
Main,lyn (negative life events),BORCLANDI,"B48.16 Son bir yılda, Borçlandım",b48_16,1 Evet; 2 Hayır,,b48_16,1 Evet; 2 Hayır,,BORCLANDI,1 Evet; 2 Hayır,,BORCLANDI,1 Evet; 2 Hayır,,BORCLANDI,1 Evet; 2 Hayır,
Main,lym (migration),GOC_ETTI,"B48.11 Son bir yılda, göç etmek zorunda kaldım.",b48_11,1 Evet; 2 Hayır,,b48_11,1 Evet; 2 Hayır,,GOC_ETTI,1 Evet; 2 Hayır,,GOC_ETTI,1 Evet; 2 Hayır,,GOC_ETTI,1 Evet; 2 Hayır,
Main,fsp (social pressure),CINSIYET_BASKI,B53.1 Cinsiyetinizden dolayı üzerinizde herhangi bir toplumsal baskı hissediyor musunuz?,b53_1,1 Hiç bir zaman; 2 Bazen; 3 Sıklıkla; 4 Her zaman,,b53_1,1 Hiç bir zaman; 2 Bazen; 3 Sıklıkla; 4 Her zaman,,CINSIYET_BASKI,1 Hiç bir zaman; 2 Bazen; 3 Sıklıkla; 4 Her zaman,,CINSIYET_BASKI,1 Hiç bir zaman; 2 Bazen; 3 Sıklıkla; 4 Her zaman,,CINSIYET_BASKI,1 Hiç bir zaman; 2 Bazen; 3 Sıklıkla; 4 Her zaman,
Main,fsp (social pressure),MEDENI_DURUM_BASKI,B53.2 Medeni durumunuzdan dolayı üzerinizde herhangi bir toplumsal baskı hissediyor musunuz?,b53_2,1 Hiç bir zaman; 2 Bazen; 3 Sıklıkla; 4 Her zaman,,b53_2,1 Hiç bir zaman; 2 Bazen; 3 Sıklıkla; 4 Her zaman,,MEDENI_DURUM_BASKI,1 Hiç bir zaman; 2 Bazen; 3 Sıklıkla; 4 Her zaman,,MEDENI_DURUM_BASKI,1 Hiç bir zaman; 2 Bazen; 3 Sıklıkla; 4 Her zaman,,MEDENI_DURUM_BASKI,1 Hiç bir zaman; 2 Bazen; 3 Sıklıkla; 4 Her zaman,
Main,fsp (social pressure),YAS_BASKI,B53.3 Yaşınızdan dolayı üzerinizde herhangi bir toplumsal baskı hissediyor musunuz?,b53_3,1 Hiç bir zaman; 2 Bazen; 3 Sıklıkla; 4 Her zaman,,b53_3,1 Hiç bir zaman; 2 Bazen; 3 Sıklıkla; 4 Her zaman,,YAS_BASKI,1 Hiç bir zaman; 2 Bazen; 3 Sıklıkla; 4 Her zaman,,YAS_BASKI,1 Hiç bir zaman; 2 Bazen; 3 Sıklıkla; 4 Her zaman,,YAS_BASKI,1 Hiç bir zaman; 2 Bazen; 3 Sıklıkla; 4 Her zaman,
Main,fsp (social pressure),GELENEK_GORENEK,B53.4 Gelenek göreneklerinizden dolayı üzerinizde herhangi bir toplumsal baskı hissediyor musunuz?,b53_4,1 Hiç bir zaman; 2 Bazen; 3 Sıklıkla; 4 Her zaman,,b53_4,1 Hiç bir zaman; 2 Bazen; 3 Sıklıkla; 4 Her zaman,,GELENEK_GORENEK,1 Hiç bir zaman; 2 Bazen; 3 Sıklıkla; 4 Her zaman,,GELENEK_GORENEK,1 Hiç bir zaman; 2 Bazen; 3 Sıklıkla; 4 Her zaman,,GELENEK_GORENEK,1 Hiç bir zaman; 2 Bazen; 3 Sıklıkla; 4 Her zaman,
Main,fsp (social pressure),DINI_INANCDAN,B53.5 Dini inanç ve davranışlarınızdan dolayı üzerinizde herhangi bir toplumsal baskı hissediyor musunuz?,b53_5,1 Hiç bir zaman; 2 Bazen; 3 Sıklıkla; 4 Her zaman,,b53_5,1 Hiç bir zaman; 2 Bazen; 3 Sıklıkla; 4 Her zaman,,DINI_INANCDAN,1 Hiç bir zaman; 2 Bazen; 3 Sıklıkla; 4 Her zaman,,DINI_INANCDAN,1 Hiç bir zaman; 2 Bazen; 3 Sıklıkla; 4 Her zaman,,DINI_INANCDAN,1 Hiç bir zaman; 2 Bazen; 3 Sıklıkla; 4 Her zaman,
Main,fsp (social pressure),SIYASI_GORUSTEN,B53.6 Siyasi görüşünüzden dolayı üzerinizde herhangi bir toplumsal baskı hissediyor musunuz?,b53_6,1 Hiç bir zaman; 2 Bazen; 3 Sıklıkla; 4 Her zaman,,b53_6,1 Hiç bir zaman; 2 Bazen; 3 Sıklıkla; 4 Her zaman,,SIYASI_GORUSTEN,1 Hiç bir zaman; 2 Bazen; 3 Sıklıkla; 4 Her zaman,,SIYASI_GORUSTEN,1 Hiç bir zaman; 2 Bazen; 3 Sıklıkla; 4 Her zaman,,SIYASI_GORUSTEN,1 Hiç bir zaman; 2 Bazen; 3 Sıklıkla; 4 Her zaman,
Main,fsp (social pressure),MEMLEKETINDEN,B53.7 Memleketinizden dolayı üzerinizde herhangi bir toplumsal baskı hissediyor musunuz?,b53_7,1 Hiç bir zaman; 2 Bazen; 3 Sıklıkla; 4 Her zaman,,b53_7,1 Hiç bir zaman; 2 Bazen; 3 Sıklıkla; 4 Her zaman,,MEMLEKETINDEN,1 Hiç bir zaman; 2 Bazen; 3 Sıklıkla; 4 Her zaman,,MEMLEKETINDEN,1 Hiç bir zaman; 2 Bazen; 3 Sıklıkla; 4 Her zaman,,MEMLEKETINDEN,1 Hiç bir zaman; 2 Bazen; 3 Sıklıkla; 4 Her zaman,
Main,fsp (social pressure),ISINDEN_DOLAYI,B53.8 İşinizden dolayı üzerinizde herhangi bir toplumsal baskı hissediyor musunuz?,b53_8,1 Hiç bir zaman; 2 Bazen; 3 Sıklıkla; 4 Her zaman,CALISMA_DURUM=1 veya 2 ise sorunuz,b53_8,1 Hiç bir zaman; 2 Bazen; 3 Sıklıkla; 4 Her zaman,CALISMA_DURUM=1 veya 2 ise sorunuz,ISINDEN_DOLAYI,1 Hiç bir zaman; 2 Bazen; 3 Sıklıkla; 4 Her zaman,CALISMA_DURUM=1 veya 2 ise sorunuz,ISINDEN_DOLAYI,1 Hiç bir zaman; 2 Bazen; 3 Sıklıkla; 4 Her zaman,CALISMA_DURUM=1 veya CALISMA_DURUM=2 ise sorunuz,ISINDEN_DOLAYI,1 Hiç bir zaman; 2 Bazen; 3 Sıklıkla; 4 Her zaman,CALISMA_DURUM=1 veya CALISMA_DURUM=2 ise sorunuz
Main,fsp (social pressure),KILIK_KIYAFET,B53.9 Kılık kıyafetinizden dolayı üzerinizde herhangi bir toplumsal baskı hissediyor musunuz?,b53_9,1 Hiç bir zaman; 2 Bazen; 3 Sıklıkla; 4 Her zaman,,b53_9,1 Hiç bir zaman; 2 Bazen; 3 Sıklıkla; 4 Her zaman,,KILIK_KIYAFET,1 Hiç bir zaman; 2 Bazen; 3 Sıklıkla; 4 Her zaman,,KILIK_KIYAFET,1 Hiç bir zaman; 2 Bazen; 3 Sıklıkla; 4 Her zaman,,KILIK_KIYAFET,1 Hiç bir zaman; 2 Bazen; 3 Sıklıkla; 4 Her zaman,
Main,fsp (social pressure),ISSIZ_OLMA,"B53.10 İşsiz, çalışmıyor olmaktan dolayı üzerinizde herhangi bir toplumsal baskı hissediyor musunuz?",b53_10,1 Hiç bir zaman; 2 Bazen; 3 Sıklıkla; 4 Her zaman,CALISMA_DURUM=3 ise sorunuz,b53_10,1 Hiç bir zaman; 2 Bazen; 3 Sıklıkla; 4 Her zaman,CALISMA_DURUM=3 ise sorunuz,ISSIZ_OLMA,1 Hiç bir zaman; 2 Bazen; 3 Sıklıkla; 4 Her zaman,CALISMA_DURUM=3 ise sorunuz,ISSIZ_OLMA,1 Hiç bir zaman; 2 Bazen; 3 Sıklıkla; 4 Her zaman,CALISMA_DURUM=3 ise sorunuz,ISSIZ_OLMA,1 Hiç bir zaman; 2 Bazen; 3 Sıklıkla; 4 Her zaman,CALISMA_DURUM=3 ise sorunuz
Main,fsp (social pressure),GELIR_DUZEY_DURUM,B53.11 Gelir düzeyinizden dolayı üzerinizde herhangi bir toplumsal baskı hissediyor musunuz?,b53_11,1 Hiç bir zaman; 2 Bazen; 3 Sıklıkla; 4 Her zaman,,b53_11,1 Hiç bir zaman; 2 Bazen; 3 Sıklıkla; 4 Her zaman,,GELIR_DUZEY_DURUM,1 Hiç bir zaman; 2 Bazen; 3 Sıklıkla; 4 Her zaman,,GELIR_DUZEY_DURUM,1 Hiç bir zaman; 2 Bazen; 3 Sıklıkla; 4 Her zaman,,GELIR_DUZEY_DURUM,1 Hiç bir zaman; 2 Bazen; 3 Sıklıkla; 4 Her zaman,
Main,frs2 (relative/extended-family satisfaction),OLCEK_MEMNUNIYET_AKRABA,B13.1 Akrabalarınızla ilişkilerinizden memnun musunuz?,b13_1,1 Çok memnun; 2 Memnun; 3 Orta; 4 Memnun değil; 5 Hiç memnun değil,,b13_1,1 Çok memnun; 2 Memnun; 3 Orta; 4 Memnun değil; 5 Hiç memnun değil,,OLCEK_MEMNUNIYET_AKRABA,1 Çok memnun; 2 Memnun; 3 Orta; 4 Memnun değil; 5 Hiç memnun değil,,OLCEK_MEMNUNIYET_AKRABA,1 Çok memnun; 2 Memnun; 3 Orta; 4 Memnun değil; 5 Hiç memnun değil,,OLCEK_MEMNUNIYET_AKRABA,1 Çok memnun; 2 Memnun; 3 Orta; 4 Memnun değil; 5 Hiç memnun değil,
Main,cms (commute time satisfaction),OLCEK_MEMNUNIYET_IS_TRFK_ZMN,B12.11 İşe geliş gidiş için harcadığınız (ayırdığınız) zamandan memnun musunuz?,b12_11,1 Çok memnun; 2 Memnun; 3 Orta; 4 Memnun değil; 5 Hiç memnun değil,CALISMA_DURUM=1 veya 2 ise sorunuz,b12_11,1 Çok memnun; 2 Memnun; 3 Orta; 4 Memnun değil; 5 Hiç memnun değil,CALISMA_DURUM=1 veya 2 ise sorunuz,OLCEK_MEMNUNIYET_IS_TRFK_ZMN,1 Çok memnun; 2 Memnun; 3 Orta; 4 Memnun değil; 5 Hiç memnun değil,CALISMA_DURUM=1 veya 2 ise sorunuz,OLCEK_MEMNUNIYET_IS_TRFK_ZMN,1 Çok memnun; 2 Memnun; 3 Orta; 4 Memnun değil; 5 Hiç memnun değil,CALISMA_DURUM=1 veya 2 ise sorunuz,OLCEK_MEMNUNIYET_IS_TRFK_ZMN,1 Çok memnun; 2 Memnun; 3 Orta; 4 Memnun değil; 5 Hiç memnun değil,CALISMA_DURUM=1 veya 2 ise sorunuz
Main,ten (housing tenure),MULKIYET,H7 Yaşadığınız konutun mülkiyet durumu nedir?,h7,1 Ev sahibi; 2 Kiracı; 3 Lojman; 4 Ev sahibi değil ama kira ödemiyor,,h7,1 Ev sahibi; 2 Kiracı; 3 Lojman; 4 Ev sahibi değil ama kira ödemiyor,,MULKIYET,1 Ev sahibi; 2 Kiracı; 3 Lojman; 4 Ev sahibi değil ama kira ödemiyor,,MULKIYET,1 Ev sahibi; 2 Kiracı; 3 Lojman; 4 Ev sahibi değil ama kira ödemiyor,,MULKIYET,1 Ev sahibi; 2 Kiracı; 3 Lojman; 4 Ev sahibi değil ama kira ödemiyor,
Main,"fye (future outlook, personal vs national -- check correlation with fyl before finalizing)",GELECEK_HAYAT,B44.1 Önümüzdeki yıl (2014)  genel olarak hayatınız sizce nasıl olacak?,b44_1,1 Daha iyi olacak; 2 Aynı olacak; 3 Daha kötü olacak; 4 Fikri yok,,b44_1,1 Daha iyi olacak; 2 Aynı olacak; 3 Daha kötü olacak; 4 Fikri yok,,GELECEK_HAYAT,1 Daha iyi olacak; 2 Aynı olacak; 3 Daha kötü olacak; 4 Fikri yok,,GELECEK_HAYAT,1 Daha iyi olacak; 2 Aynı olacak; 3 Daha kötü olacak; 4 Fikri yok,,GELECEK_HAYAT,1 Daha iyi olacak; 2 Aynı olacak; 3 Daha kötü olacak; 4 Fikri yok,
Main,"fye (future outlook, personal vs national -- check correlation with fyl before finalizing)",GELECEK_KISISEL,"B44.2 Önümüzdeki yıl (2014), kişisel iş durumunuz sizce nasıl olacak?",b44_2,1 Daha iyi olacak; 2 Aynı olacak; 3 Daha kötü olacak; 4 Fikri yok; 5 Çalışmayacak,,b44_2,1 Daha iyi olacak; 2 Aynı olacak; 3 Daha kötü olacak; 4 Fikri yok; 5 Çalışmayacak,,GELECEK_KISISEL,1 Daha iyi olacak; 2 Aynı olacak; 3 Daha kötü olacak; 4 Fikri yok; 5 Çalışmayacak,,GELECEK_KISISEL,1 Daha iyi olacak; 2 Aynı olacak; 3 Daha kötü olacak; 4 Fikri yok; 5 Çalışmayacak,,GELECEK_KISISEL,1 Daha iyi olacak; 2 Aynı olacak; 3 Daha kötü olacak; 4 Fikri yok; 5 Çalışmayacak,
Main,"fye (future outlook, personal vs national -- check correlation with fyl before finalizing)",GELECEK_MALI,"B44.3 Önümüzdeki yıl (2014), hanenizin mali durumu sizce nasıl olacak?",b44_3,1 Daha iyi olacak; 2 Aynı olacak; 3 Daha kötü olacak; 4 Fikri yok,,b44_3,1 Daha iyi olacak; 2 Aynı olacak; 3 Daha kötü olacak; 4 Fikri yok,,GELECEK_MALI,1 Daha iyi olacak; 2 Aynı olacak; 3 Daha kötü olacak; 4 Fikri yok,,GELECEK_MALI,1 Daha iyi olacak; 2 Aynı olacak; 3 Daha kötü olacak; 4 Fikri yok,,GELECEK_MALI,1 Daha iyi olacak; 2 Aynı olacak; 3 Daha kötü olacak; 4 Fikri yok,
Main,"fye (future outlook, personal vs national -- check correlation with fyl before finalizing)",GELECEK_IS,"B44.4 Önümüzdeki yıl (2014), Türkiye'deki iş/çalışma durumu sizce nasıl olacak?",b44_4,1 Daha iyi olacak; 2 Aynı olacak; 3 Daha kötü olacak; 4 Fikri yok,,b44_4,1 Daha iyi olacak; 2 Aynı olacak; 3 Daha kötü olacak; 4 Fikri yok,,GELECEK_IS,1 Daha iyi olacak; 2 Aynı olacak; 3 Daha kötü olacak; 4 Fikri yok,,GELECEK_IS,1 Daha iyi olacak; 2 Aynı olacak; 3 Daha kötü olacak; 4 Fikri yok,,GELECEK_IS,1 Daha iyi olacak; 2 Aynı olacak; 3 Daha kötü olacak; 4 Fikri yok,
Main,"fye (future outlook, personal vs national -- check correlation with fyl before finalizing)",GELECEK_EKONOMI,"B44.5 Önümüzdeki yıl (2014), Türkiye'nin içinde bulunduğu ekonomik durum sizce nasıl olacak?",b44_5,1 Daha iyi olacak; 2 Aynı olacak; 3 Daha kötü olacak; 4 Fikri yok,,b44_5,1 Daha iyi olacak; 2 Aynı olacak; 3 Daha kötü olacak; 4 Fikri yok,,GELECEK_EKONOMI,1 Daha iyi olacak; 2 Aynı olacak; 3 Daha kötü olacak; 4 Fikri yok,,GELECEK_EKONOMI,1 Daha iyi olacak; 2 Aynı olacak; 3 Daha kötü olacak; 4 Fikri yok,,GELECEK_EKONOMI,1 Daha iyi olacak; 2 Aynı olacak; 3 Daha kötü olacak; 4 Fikri yok,
Main,"stc (status-comparison concern, next to fsp)",KIYAFET_ONEM,"B51.1 Çevrenizdeki diğer kişilerin, kılık kıyafetleri sizin için ne kadar önemlidir?",b51_1,1 Önemli; 2 Orta; 3 Önemli değil,,b51_1,1 Önemli; 2 Orta; 3 Önemli değil,,KIYAFET_ONEM,1 Önemli; 2 Orta; 3 Önemli değil,,KIYAFET_ONEM,1 Önemli; 2 Orta; 3 Önemli değil,,KIYAFET_ONEM,1 Önemli; 2 Orta; 3 Önemli değil,
Main,"stc (status-comparison concern, next to fsp)",AILE_YASAM_ONEM,"B51.2 Çevrenizdeki diğer kişilerin, aile yaşam biçimleri sizin için ne kadar önemlidir?",b51_2,1 Önemli; 2 Orta; 3 Önemli değil,,b51_2,1 Önemli; 2 Orta; 3 Önemli değil,,AILE_YASAM_ONEM,1 Önemli; 2 Orta; 3 Önemli değil,,AILE_YASAM_ONEM,1 Önemli; 2 Orta; 3 Önemli değil,,AILE_YASAM_ONEM,1 Önemli; 2 Orta; 3 Önemli değil,
Main,"stc (status-comparison concern, next to fsp)",KISISEL_ESYA_ONEM,"B51.3 Çevrenizdeki diğer kişilerin, ev ve kişisel eşyaları (cep tel, araba vb. )  sizin için ne kadar önemlidir?",b51_3,1 Önemli; 2 Orta; 3 Önemli değil,,b51_3,1 Önemli; 2 Orta; 3 Önemli değil,,KISISEL_ESYA_ONEM,1 Önemli; 2 Orta; 3 Önemli değil,,KISISEL_ESYA_ONEM,1 Önemli; 2 Orta; 3 Önemli değil,,KISISEL_ESYA_ONEM,1 Önemli; 2 Orta; 3 Önemli değil,
Main,"stc (status-comparison concern, next to fsp)",ARKADAS_CEVRE_ONEM,"B51.4 Çevrenizdeki diğer kişilerin, arkadaş çevreleri sizin için ne kadar önemlidir?",b51_4,1 Önemli; 2 Orta; 3 Önemli değil,,b51_4,1 Önemli; 2 Orta; 3 Önemli değil,,ARKADAS_CEVRE_ONEM,1 Önemli; 2 Orta; 3 Önemli değil,,ARKADAS_CEVRE_ONEM,1 Önemli; 2 Orta; 3 Önemli değil,,ARKADAS_CEVRE_ONEM,1 Önemli; 2 Orta; 3 Önemli değil,
Main,"stc (status-comparison concern, next to fsp)",COCUK_BASARI_ONEM,"B51.5 Çevrenizdeki diğer kişilerin, çocuklarının başarıları sizin için ne kadar önemlidir?",b51_5,1 Önemli; 2 Orta; 3 Önemli değil,,b51_5,1 Önemli; 2 Orta; 3 Önemli değil,,COCUK_BASARI_ONEM,1 Önemli; 2 Orta; 3 Önemli değil,,COCUK_BASARI_ONEM,1 Önemli; 2 Orta; 3 Önemli değil,,COCUK_BASARI_ONEM,1 Önemli; 2 Orta; 3 Önemli değil,
Main,"stc (status-comparison concern, next to fsp)",EVE_GIRIS_SAAT_ONEM,"B51.6 Çevrenizdeki insanların, eve giriş çıkış saatleri sizin için ne kadar önemlidir?",b51_6,1 Önemli; 2 Orta; 3 Önemli değil,,b51_6,1 Önemli; 2 Orta; 3 Önemli değil,,EVE_GIRIS_SAAT_ONEM,1 Önemli; 2 Orta; 3 Önemli değil,,EVE_GIRIS_SAAT_ONEM,1 Önemli; 2 Orta; 3 Önemli değil,,EVE_GIRIS_SAAT_ONEM,1 Önemli; 2 Orta; 3 Önemli değil,
Main,"stc (status-comparison concern, next to fsp)",YAPTIKLARI_IS_ONEM,"B51.7 Çevrenizdeki diğer kişilerin, yaptıkları işleri sizin için ne kadar önemlidir?",b51_7,1 Önemli; 2 Orta; 3 Önemli değil,,b51_7,1 Önemli; 2 Orta; 3 Önemli değil,,YAPTIKLARI_IS_ONEM,1 Önemli; 2 Orta; 3 Önemli değil,,YAPTIKLARI_IS_ONEM,1 Önemli; 2 Orta; 3 Önemli değil,,YAPTIKLARI_IS_ONEM,1 Önemli; 2 Orta; 3 Önemli değil,
Main,"stc (status-comparison concern, next to fsp)",GELIR_DUZEYLERI_ONEM,"B51.8 Çevrenizdeki diğer kişilerin, gelir düzeyleri sizin için ne kadar önemlidir?",b51_8,1 Önemli; 2 Orta; 3 Önemli değil,,b51_8,1 Önemli; 2 Orta; 3 Önemli değil,,GELIR_DUZEYLERI_ONEM,1 Önemli; 2 Orta; 3 Önemli değil,,GELIR_DUZEYLERI_ONEM,1 Önemli; 2 Orta; 3 Önemli değil,,GELIR_DUZEYLERI_ONEM,1 Önemli; 2 Orta; 3 Önemli değil,
Main,"stc (status-comparison concern, next to fsp)",DINI_INANC_ONEM,"B51.9 Çevrenizdeki diğer kişilerin, dini inançları sizin için ne kadar önemlidir?",b51_9,1 Önemli; 2 Orta; 3 Önemli değil,,b51_9,1 Önemli; 2 Orta; 3 Önemli değil,,DINI_INANC_ONEM,1 Önemli; 2 Orta; 3 Önemli değil,,DINI_INANC_ONEM,1 Önemli; 2 Orta; 3 Önemli değil,,DINI_INANC_ONEM,1 Önemli; 2 Orta; 3 Önemli değil,
Main,"stc (status-comparison concern, next to fsp)",SIYASI_DUSUNCE_ONEM,"B51.10 Çevrenizdeki diğer kişilerin, siyasi düşünceleri sizin için ne kadar önemlidir?",b51_10,1 Önemli; 2 Orta; 3 Önemli değil,,b51_10,1 Önemli; 2 Orta; 3 Önemli değil,,SIYASI_DUSUNCE_ONEM,1 Önemli; 2 Orta; 3 Önemli değil,,SIYASI_DUSUNCE_ONEM,1 Önemli; 2 Orta; 3 Önemli değil,,SIYASI_DUSUNCE_ONEM,1 Önemli; 2 Orta; 3 Önemli değil,
Main,"stc (status-comparison concern, next to fsp)",EGITIM_DUZEYI_ONEM,"B51.11 Çevrenizdeki diğer kişilerin, eğitim düzeyleri sizin için ne kadar önemlidir?",b51_11,1 Önemli; 2 Orta; 3 Önemli değil,,b51_11,1 Önemli; 2 Orta; 3 Önemli değil,,EGITIM_DUZEYI_ONEM,1 Önemli; 2 Orta; 3 Önemli değil,,EGITIM_DUZEYI_ONEM,1 Önemli; 2 Orta; 3 Önemli değil,,EGITIM_DUZEYI_ONEM,1 Önemli; 2 Orta; 3 Önemli değil,
Main,"stc (status-comparison concern, next to fsp)",KIYAFETINIZ_ONEM,"B52.1 Çevrenizdeki kişilerin (akraba, arkadaş, komşu vb.) sizinle ilgili kılık kıyafetiniz hakkındaki düşünceleri  sizin için ne kadar önemlidir?",b52_1,1 Önemli; 2 Orta; 3 Önemli değil,,b52_1,1 Önemli; 2 Orta; 3 Önemli değil,,KIYAFETINIZ_ONEM,1 Önemli; 2 Orta; 3 Önemli değil,,KIYAFETINIZ_ONEM,1 Önemli; 2 Orta; 3 Önemli değil,,KIYAFETINIZ_ONEM,1 Önemli; 2 Orta; 3 Önemli değil,
Main,"stc (status-comparison concern, next to fsp)",AILE_YASAM_BICIMI_ONEM,"B52.2 Çevrenizdeki kişilerin (akraba, arkadaş, komşu vb.) sizinle ilgili aile yaşam biçiminiz hakkındaki düşünceleri sizin için ne kadar önemlidir?",b52_2,1 Önemli; 2 Orta; 3 Önemli değil,,b52_2,1 Önemli; 2 Orta; 3 Önemli değil,,AILE_YASAM_BICIMI_ONEM,1 Önemli; 2 Orta; 3 Önemli değil,,AILE_YASAM_BICIMI_ONEM,1 Önemli; 2 Orta; 3 Önemli değil,,AILE_YASAM_BICIMI_ONEM,1 Önemli; 2 Orta; 3 Önemli değil,
Main,"stc (status-comparison concern, next to fsp)",KISISEL_ESYANIZ_ONEM,"B52.3 Çevrenizdeki kişilerin (akraba, arkadaş, komşu vb.) sizinle ilgili ev ve kişisel eşyalarınız hakkındaki düşünceleri (cep tel, araba vb. ) sizin için ne kadar önemlidir?",b52_3,1 Önemli; 2 Orta; 3 Önemli değil,,b52_3,1 Önemli; 2 Orta; 3 Önemli değil,,KISISEL_ESYANIZ_ONEM,1 Önemli; 2 Orta; 3 Önemli değil,,KISISEL_ESYANIZ_ONEM,1 Önemli; 2 Orta; 3 Önemli değil,,KISISEL_ESYANIZ_ONEM,1 Önemli; 2 Orta; 3 Önemli değil,
Main,"stc (status-comparison concern, next to fsp)",ARKADAS_CEVRENIZ_ONEM,"B52.4 Çevrenizdeki kişilerin (akraba, arkadaş, komşu vb.) sizinle ilgili arkadaş çevreniz hakkındaki düşünceleri sizin için ne kadar önemlidir?",b52_4,1 Önemli; 2 Orta; 3 Önemli değil,,b52_4,1 Önemli; 2 Orta; 3 Önemli değil,,ARKADAS_CEVRENIZ_ONEM,1 Önemli; 2 Orta; 3 Önemli değil,,ARKADAS_CEVRENIZ_ONEM,1 Önemli; 2 Orta; 3 Önemli değil,,ARKADAS_CEVRENIZ_ONEM,1 Önemli; 2 Orta; 3 Önemli değil,
Main,"stc (status-comparison concern, next to fsp)",COCUGUN_BASARISI_ONEM,"B52.5 Çevrenizdeki kişilerin (akraba, arkadaş, komşu vb.) sizinle ilgili çocuklarınızın başarısı hakkındaki düşünceler sizin için ne kadar önemlidir?",b52_5,1 Önemli; 2 Orta; 3 Önemli değil; 4 İlgili değil,,b52_5,1 Önemli; 2 Orta; 3 Önemli değil; 4 İlgili değil,,COCUGUN_BASARISI_ONEM,1 Önemli; 2 Orta; 3 Önemli değil; 4 İlgili değil,,COCUGUN_BASARISI_ONEM,1 Önemli; 2 Orta; 3 Önemli değil; 4 İlgili değil,,COCUGUN_BASARISI_ONEM,1 Önemli; 2 Orta; 3 Önemli değil; 4 İlgili değil,
Main,"stc (status-comparison concern, next to fsp)",EVE_GIRISCIKIC_SAAT_ONEM,"B52.6 Çevrenizdeki kişilerin (akraba, arkadaş, komşu vb.) sizinle ilgili eve giriş çıkış saatiniz hakkındaki düşünceleri sizin için ne kadar önemlidir?",b52_6,1 Önemli; 2 Orta; 3 Önemli değil,,b52_6,1 Önemli; 2 Orta; 3 Önemli değil,,EVE_GIRISCIKIC_SAAT_ONEM,1 Önemli; 2 Orta; 3 Önemli değil,,EVE_GIRISCIKIC_SAAT_ONEM,1 Önemli; 2 Orta; 3 Önemli değil,,EVE_GIRISCIKIC_SAAT_ONEM,1 Önemli; 2 Orta; 3 Önemli değil,
Main,"stc (status-comparison concern, next to fsp)",YAPTIGINIZ_IS_ONEM,"B52.7 Çevrenizdeki kişilerin (akraba, arkadaş, komşu vb.) sizinle ilgili yaptığınız işiniz hakkındaki düşünceleri sizin için ne kadar önemlidir?",b52_7,1 Önemli; 2 Orta; 3 Önemli değil,CALISMA_DURUM=1 veya 2 ise sorunuz,b52_7,1 Önemli; 2 Orta; 3 Önemli değil,CALISMA_DURUM=1 veya 2 ise sorunuz,YAPTIGINIZ_IS_ONEM,1 Önemli; 2 Orta; 3 Önemli değil,CALISMA_DURUM=1 veya 2 ise sorunuz,YAPTIGINIZ_IS_ONEM,1 Önemli; 2 Orta; 3 Önemli değil,CALISMA_DURUM=1 veya CALISMA_DURUM=2 ise sorunuz,YAPTIGINIZ_IS_ONEM,1 Önemli; 2 Orta; 3 Önemli değil,CALISMA_DURUM=1 veya CALISMA_DURUM=2 ise sorunuz
Main,"stc (status-comparison concern, next to fsp)",GELIR_DUZEY_ONEM,"B52.8 Çevrenizdeki kişilerin (akraba, arkadaş, komşu vb.) sizinle ilgili geliriniz hakkındaki düşünceleri sizin için ne kadar önemlidir?",b52_8,1 Önemli; 2 Orta; 3 Önemli değil; 4 İlgili değil,,b52_8,1 Önemli; 2 Orta; 3 Önemli değil; 4 İlgili değil,,GELIR_DUZEY_ONEM,1 Önemli; 2 Orta; 3 Önemli değil; 4 İlgili değil,,GELIR_DUZEY_ONEM,1 Önemli; 2 Orta; 3 Önemli değil; 4 İlgili değil,,GELIR_DUZEY_ONEM,1 Önemli; 2 Orta; 3 Önemli değil; 4 İlgili değil,
Main,"stc (status-comparison concern, next to fsp)",DINI_INANCI_ONEM,"B52.9 Çevrenizdeki kişilerin (akraba, arkadaş, komşu vb.) sizinle ilgili dini inançlarınız hakkındaki düşünceleri sizin için ne kadar önemlidir?",b52_9,1 Önemli; 2 Orta; 3 Önemli değil,,b52_9,1 Önemli; 2 Orta; 3 Önemli değil,,DINI_INANCI_ONEM,1 Önemli; 2 Orta; 3 Önemli değil,,DINI_INANCI_ONEM,1 Önemli; 2 Orta; 3 Önemli değil,,DINI_INANCI_ONEM,1 Önemli; 2 Orta; 3 Önemli değil,
Main,"stc (status-comparison concern, next to fsp)",SIYASI_DUSUNCENIZ_ONEM,"B52.10 Çevrenizdeki kişilerin (akraba, arkadaş, komşu vb.) sizinle ilgili siyasi düşünceleriniz hakkındaki düşünceleri sizin için ne kadar önemlidir?",b52_10,1 Önemli; 2 Orta; 3 Önemli değil,,b52_10,1 Önemli; 2 Orta; 3 Önemli değil,,SIYASI_DUSUNCENIZ_ONEM,1 Önemli; 2 Orta; 3 Önemli değil,,SIYASI_DUSUNCENIZ_ONEM,1 Önemli; 2 Orta; 3 Önemli değil,,SIYASI_DUSUNCENIZ_ONEM,1 Önemli; 2 Orta; 3 Önemli değil,
Main,"stc (status-comparison concern, next to fsp)",EGITIM_DURUMU_ONEM,"B52.11 Çevrenizdeki kişilerin (akraba, arkadaş, komşu vb.) sizinle ilgili eğitim düzeyiniz sizin için ne kadar önemlidir?",b52_11,1 Önemli; 2 Orta; 3 Önemli değil,,b52_11,1 Önemli; 2 Orta; 3 Önemli değil,,EGITIM_DURUMU_ONEM,1 Önemli; 2 Orta; 3 Önemli değil,,EGITIM_DURUMU_ONEM,1 Önemli; 2 Orta; 3 Önemli değil,,EGITIM_DURUMU_ONEM,1 Önemli; 2 Orta; 3 Önemli değil,
Main,hhsize (household size),HH_BUYUKLUK,Hanehalkı büyüklüğü(Hanehalkı fert listesinde yer alanların tamamı),hhb,,,hhb,,,HH_BUYUKLUK,,,HH_BUYUKLUK,,,HH_BUYUKLUK,,
Main,rel (religiosity -- weak single-item proxy),DIN,B54.9 Din ile ne derece ilgilisiniz?,b54_9,1 İlgiliyim; 2 Orta; 3 İlgisizim; 4 Fikrim yok,,b54_9,1 İlgiliyim; 2 Orta; 3 İlgisizim; 4 Fikri yok,,DIN,1 İlgiliyim; 2 Orta; 3 İlgisizim; 4 Fikri yok,,DIN,1 İlgiliyim; 2 Orta; 3 İlgisizim; 4 Fikri yok,,DIN,1 İlgiliyim; 2 Orta; 3 İlgisizim; 4 Fikri yok,
Events (separate regression),evt_life (major life events: marriage/divorce/childbirth/bereavement/health),EVLENDI,"B49.1 Son bir yılda, evlendim",b49_1,1 Evet; 2 Hayır,,b49_1,1 Evet; 2 Hayır,,EVLENDI,1 Evet; 2 Hayır,MEDENI_DURUM <> 1 ise sorunuz,EVLENDI,1 Evet; 2 Hayır,MEDENI_DURUM <> 1 ise sorunuz,EVLENDI,1 Evet; 2 Hayır,MEDENI_DURUM <> 1 ise sorunuz
Events (separate regression),evt_life (major life events: marriage/divorce/childbirth/bereavement/health),BOSANDI,"B49.2 Son bir yılda, boşandım",b49_2,1 Evet; 2 Hayır; 3 İlgili değil,,b49_2,1 Evet; 2 Hayır; 3 İlgili değil,,BOSANDI,1 Evet; 2 Hayır; 3 İlgili değil,,BOSANDI,1 Evet; 2 Hayır; 3 İlgili değil,,BOSANDI,1 Evet; 2 Hayır; 3 İlgili değil,
Events (separate regression),evt_life (major life events: marriage/divorce/childbirth/bereavement/health),COCUK_OLDU,"B49.3  Son bir yılda, çocuğum oldu",b49_3,1 Evet; 2 Hayır,,b49_3,1 Evet; 2 Hayır,,COCUK_OLDU,1 Evet; 2 Hayır,,COCUK_OLDU,1 Evet; 2 Hayır,,COCUK_OLDU,1 Evet; 2 Hayır,
Events (separate regression),evt_life (major life events: marriage/divorce/childbirth/bereavement/health),VEFAT,"B49.4 Son bir yılda, Ailemden vefat eden oldu",b49_4,1 Evet; 2 Hayır,,b49_4,1 Evet; 2 Hayır,,VEFAT,1 Evet; 2 Hayır,,VEFAT,1 Evet; 2 Hayır,,VEFAT,1 Evet; 2 Hayır,
Events (separate regression),evt_life (major life events: marriage/divorce/childbirth/bereavement/health),SAGLIK_PROBLEM,"B49.8 Son bir yılda, Ciddi bir sağlık problemi yaşadım.",b49_8,1 Evet; 2 Hayır,,b49_8,1 Evet; 2 Hayır,,SAGLIK_PROBLEM,1 Evet; 2 Hayır,,SAGLIK_PROBLEM,1 Evet; 2 Hayır,,SAGLIK_PROBLEM,1 Evet; 2 Hayır,
Events (separate regression),evt_crime_ind (individual crime/mistreatment victimization),KAPKAC,"B33.1 2013 yılında kapkaç, yankesicilik vb hırsızlık olayı yaşadınız mı?",b33_1,1 Evet; 2 Hayır,KAPKAC=2 ise B33.2'ye geçiniz,b33_1,1 Evet; 2 Hayır,KAPKAC=2 ise B33.2'ye geçiniz,KAPKAC,1 Evet; 2 Hayır,KAPKAC=2 ise B33.2'ye geçiniz,KAPKAC,1 Evet; 2 Hayır [KAPKAC=2 ise B33.2'ye geçiniz],,KAPKAC,1 Evet; 2 Hayır [KAPKAC=2 ise B34.2'ye geçiniz],
Events (separate regression),evt_crime_ind (individual crime/mistreatment victimization),GASP,B33.2 2013 yılında gasp olayı yaşadınız mı?,b33_2,1 Evet; 2 Hayır,GASP=2 ise B33.3'e geçiniz,b33_2,1 Evet; 2 Hayır,GASP=2 ise B33.3'e geçiniz,GASP,1 Evet; 2 Hayır,GASP=2 ise B33.3'e geçiniz,GASP,1 Evet; 2 Hayır [GASP=2 ise B33.3'e geçiniz],,GASP,1 Evet; 2 Hayır [GASP=2 ise B34.3'e geçiniz],
Events (separate regression),evt_crime_ind (individual crime/mistreatment victimization),DARP,"B33.3 2013 yılında yaralanma, darp olayı yaşadınız mı?",b33_3,1 Evet; 2 Hayır,DARP=2 ise B33.4'e geçiniz,b33_3,1 Evet; 2 Hayır,DARP=2 ise B33.4'e geçiniz,DARP,1 Evet; 2 Hayır,DARP=2 ise B33.4'e geçiniz,DARP,1 Evet; 2 Hayır [DARP=2 ise B33.4'e geçiniz],,DARP,1 Evet; 2 Hayır [DARP=2 ise B34.4'e geçiniz],
Events (separate regression),evt_crime_ind (individual crime/mistreatment victimization),FERT_KOTU,B33.4 2013 yılında aile fertlerinizin  herhangi birinden  kötü muamele gördünüz mü,b33_4,1 Evet; 2 Hayır,FERT_KOTU=2 ise B33.5'e geçiniz,b33_4,1 Evet; 2 Hayır,FERT_KOTU=2 ise B33.5'e geçiniz,FERT_KOTU,1 Evet; 2 Hayır,FERT_KOTU=2 ise B33.5'e geçiniz,FERT_KOTU,1 Evet; 2 Hayır [FERT_KOTU=2 ise B33.5'e geçiniz],,FERT_KOTU,1 Evet; 2 Hayır [FERT_KOTU=2 ise B34.5'e geçiniz],
Events (separate regression),evt_crime_ind (individual crime/mistreatment victimization),TEHDIT,"B33.5 2013 yılında herhangi bir nedenden dolayı şantaj, tehdit olayı yaşadınız mı?",b33_5,1 Evet; 2 Hayır,TEHDIT=2 ise B33.6'ya geçiniz,b33_5,1 Evet; 2 Hayır,TEHDIT=2 ise B33.6'ya geçiniz,TEHDIT,1 Evet; 2 Hayır,TEHDIT=2 ise B33.6'ya geçiniz,TEHDIT,1 Evet; 2 Hayır [TEHDIT=2 ise B33.6'ya geçiniz],,TEHDIT,1 Evet; 2 Hayır [TEHDIT=2 ise B34.6'ya geçiniz],
Events (separate regression),evt_crime_ind (individual crime/mistreatment victimization),MAGDURIYET,B33.6 2013 yılında cinsel suçlardan dolayı mağduriyet yaşadınız mı?,b33_6,1 Evet; 2 Hayır,MAGDURIYET=2 ise B33.7'ye geçiniz,b33_6,1 Evet; 2 Hayır,MAGDURIYET=2 ise B33.7'ye geçiniz,MAGDURIYET,1 Evet; 2 Hayır,MAGDURIYET=2 ise B33.7'ye geçiniz,MAGDURIYET,1 Evet; 2 Hayır [MAGDURIYET=2 ise B33.7'ye geçiniz],,MAGDURIYET,1 Evet; 2 Hayır [MAGDURIYET=2 ise B34.7'ye geçiniz],
Events (separate regression),evt_crime_ind (individual crime/mistreatment victimization),DOLANDIR,B33.7 2013 yılında dolandırıcılık sebebiyle herhangi bir  mağduriyet yaşadınız mı?,b33_7,1 Evet; 2 Hayır,DOLANDIR=2 ise B33.8'e geçiniz,b33_7,1 Evet; 2 Hayır,DOLANDIR=2 ise B33.8'e geçiniz,DOLANDIR,1 Evet; 2 Hayır,DOLANDIR=2 ise B33.8'e geçiniz,DOLANDIR,1 Evet; 2 Hayır [DOLANDIR=2 ise B33.8'e geçiniz],,DOLANDIR,1 Evet; 2 Hayır [DOLANDIR=2 ise B34.8'e geçiniz],
Events (separate regression),evt_crime_ind (individual crime/mistreatment victimization),BASKASUC,B33.8 2013 yılında bunların dışında herhangi bir sebepten dolayı mağduriyet yaşadınız mı?,b33_8,1 Evet; 2 Hayır,BASKASUC=2 ise B34.1'e geçiniz,b33_8,1 Evet; 2 Hayır,BASKASUC=2 ise B34.1'e geçiniz,BASKASUC,1 Evet; 2 Hayır,BASKASUC=2 ise B34.1'e geçiniz,BASKASUC,1 Evet; 2 Hayır [BASKASUC=2 ise B34.1'e geçiniz],,BASKASUC,1 Evet; 2 Hayır [BASKASUC=2 ise B35.1'e geçiniz],
Events (separate regression),evt_crime_hh (household crime/property victimization),HIRSIZLIK,"H21 2013 yılında evinizden-işyerinizden hırsızlık, oto hırsızlığı, otodan hırsızlık ya da ev, tarla, bağ, bahçe vb. kasten zarar verme olaylarından dolayı mağduriyet yaşandı mı?",h21,1 Evet; 2 Hayır,HIRSIZLIK=2 ise H12.6'ya gidiniz,h21,1 Evet; 2 Hayır,HIRSIZLIK=2 ise H21.6'ya gidiniz,HIRSIZLIK,1 Evet; 2 Hayır,HIRSIZLIK=2 ise hane soru formu tamamlanmış olup fert soru formuna gidiniz,HIRSIZLIK,1 Evet; 2 Hayır [HIRSIZLIK=2 ise hane soru formu tamamlanmış olup fert soru formuna geçiniz],,HIRSIZLIK,1 Evet; 2 Hayır [HIRSIZLIK=2 ise hane soru formu tamamlanmış olup fert soru formuna geçiniz],
Events (separate regression),evt_crime_hh (household crime/property victimization),EV_HIRS,H21.1 2013 yılında evinizde hırsızlık oldu mu?,h21_1,1 Evet; 2 Hayır,EV_HIRS=2 ise H21.2'ye gidiniz,h21_1,1 Evet; 2 Hayır,EV_HIRS=2 ise H21.2'ye gidiniz,EV_HIRS,1 Evet; 2 Hayır,EV_HIRS=2 ise H21.2'ye gidiniz,EV_HIRS,1 Evet; 2 Hayır [EV_HIRS=2 ise H21.2'ye geçiniz],HIRSIZLIK=1 ise sorunuz,EV_HIRS,1 Evet; 2 Hayır [EV_HIRS=2 ise H21.2'ye geçiniz],HIRSIZLIK=1 ise sorunuz
Events (separate regression),evt_crime_hh (household crime/property victimization),IS_HIRS,H21.21 2013 yılında hanehalkınıza ait işyerinde hırsızlık yaşandı mı?,h21_21,1 Evet; 2 Hayır,IS_HIRS=2 ise H21.3'e gidiniz,h21_2_1,1 Evet; 2 Hayır,IS_HIRS=2 ise H21.3'e gidiniz,IS_HIRS,1 Evet; 2 Hayır,IS_HIRS=2 ise H21.3'e gidiniz,IS_HIRS,1 Evet; 2 Hayır,HIRSIZLIK=1 ve ISYERI_VAR=1 ise sorunuz,IS_HIRS,1 Evet; 2 Hayır,HIRSIZLIK=1 ve ISYERI_VAR=1 ise sorunuz
Events (separate regression),evt_crime_hh (household crime/property victimization),TARLA_HIRS,"H21.3 2013 yılında hanehalkınıza ait ev, araç, tarla, bahçe vb mallarınıza diğer kişiler tarafından kasten zarar verildi mi?",h21_3,1 Evet; 2 Hayır,TARLA_HIRS=2 ise H21.4'e gidiniz,h21_3,1 Evet; 2 Hayır,TARLA_HIRS=2 ise H21.4'e gidiniz,TARLA_HIRS,1 Evet; 2 Hayır,TARLA_HIRS=2 ise H21.4'e gidiniz,TARLA_HIRS,1 Evet; 2 Hayır [TARLA_HIRS=2 ise H21.4'e geçiniz],HIRSIZLIK=1 ise sorunuz,TARLA_HIRS,1 Evet; 2 Hayır [TARLA_HIRS=2 ise H21.4'e geçiniz],HIRSIZLIK=1 ise sorunuz
Events (separate regression),evt_crime_hh (household crime/property victimization),OTO_HIRS,"H21.412013 yılında hanehalkınıza ait otomobil, kamyon, motorsiklet, mopet vb motorlu aracınız çalındı mı?",h21_41,1 Evet; 2 Hayır,OTO_HIRS=2 ise H21.5'e gidiniz,h21_4_1,1 Evet; 2 Hayır,OTO_HIRS=2 ise H21.5'e gidiniz,OTO_HIRS,1 Evet; 2 Hayır,OTO_HIRS=2 ise H21.5'e gidiniz,OTO_HIRS,1 Evet; 2 Hayır [OTO_HIRS=2 ise H21.5'e geçiniz],HIRSIZLIK=1 ve OTO_VAR=1 ise sorunuz,OTO_HIRS,1 Evet; 2 Hayır [OTO_HIRS=2 ise H21.5'e geçiniz],HIRSIZLIK=1 ve OTO_VAR=1 ise sorunuz
Events (separate regression),evt_crime_hh (household crime/property victimization),MOTOR_HIRS,"H21.5 2013 yılında hanehalkınıza ait motorlu aracınızdan herhangi bir şey ( teyp, çanta vb.) çalındı mı?",h21_5,1 Evet; 2 Hayır,MOTOR_HIRS=2 ise H21.6'ya gidiniz,h21_5,1 Evet; 2 Hayır,MOTOR_HIRS=2 ise H21.6'ya gidiniz,MOTOR_HIRS,1 Evet; 2 Hayır,MOTOR_HIRS=2 ise H21.6'ya gidiniz,MOTOR_HIRS,1 Evet; 2 Hayır [MOTOR_HIRS=2 ise H21.6'ya geçiniz],HIRSIZLIK=1 ve OTO_VAR=1 ise sorunuz,MOTOR_HIRS,1 Evet; 2 Hayır [MOTOR_HIRS=2 ise H21.6'ya geçiniz],HIRSIZLIK=1 ve OTO_VAR=1 ise sorunuz
Events (separate regression),evt_crime_hh (household crime/property victimization),SUC,H21.6 Bunların dışında herhangi bir suçtan dolayı hanenizde mağduriyet yaşandı mı?belirtiniz,h21_6,1 Evet; 2 Hayır,SUC=2 ise H22'ye gidiniz,h21_6,1 Evet; 2 Hayır,SUC=2 ise hane soru formu tamamlanmış olup fert soru formuna gidiniz,SUC,1 Evet; 2 Hayır,SUC=2 ise hane soru formu tamamlanmış olup fert soru formuna gidiniz,SUC,1 Evet; 2 Hayır [SUC=2 ise hane soru formu tamamlanmış olup fert soru formuna geçiniz],HIRSIZLIK=1 ise sorunuz,SUC,1 Evet; 2 Hayır [SUC=2 ise hane soru formu tamamlanmış olup fert soru formuna geçiniz],HIRSIZLIK=1 ise sorunuz
Events (separate regression),evt_housing (housing quality/deprivation),CATI,"H12.1 Yaşadığınız konutta, sızdıran çatı, nemli duvar, çürümüş pencere çerçeveleri problemi var mı?",h12_1,1 Evet; 2 Hayır,,h12_1,1 Evet; 2 Hayır,,CATI,1 Evet; 2 Hayır,,CATI,1 Evet; 2 Hayır,,CATI,1 Evet; 2 Hayır,
Events (separate regression),evt_housing (housing quality/deprivation),KARANLIK,"H12.2 Yaşadığınız konutta, karanlık, yetersiz gün ışığı problemi var mı?",h12_2,1 Evet; 2 Hayır,,h12_2,1 Evet; 2 Hayır,,KARANLIK,1 Evet; 2 Hayır,,KARANLIK,1 Evet; 2 Hayır,,KARANLIK,1 Evet; 2 Hayır,
Events (separate regression),evt_housing (housing quality/deprivation),SU_BASKINI,"H12.3 Yaşadığınız konutta, yağmur yağınca kanalizasyon taşması/su baskını problemi var mı?",h12_3,1 Evet; 2 Hayır,,h12_3,1 Evet; 2 Hayır,,SU_BASKINI,1 Evet; 2 Hayır,,SU_BASKINI,1 Evet; 2 Hayır,,SU_BASKINI,1 Evet; 2 Hayır,
Events (separate regression),evt_housing (housing quality/deprivation),K_GURULTU,"H12.4 Yaşadığınız konutta, komşulardan gelen gürültü problemi var mı?",h12_4,1 Evet; 2 Hayır,,h12_4,1 Evet; 2 Hayır,,K_GURULTU,1 Evet; 2 Hayır,,K_GURULTU,1 Evet; 2 Hayır,,K_GURULTU,1 Evet; 2 Hayır,
Events (separate regression),evt_housing (housing quality/deprivation),S_GURULTU,"H12.5 Yaşadığınız konutta, sokaktan gelen gürültü problemi var mı?",h12_5,1 Evet; 2 Hayır,,h12_5,1 Evet; 2 Hayır,,S_GURULTU,1 Evet; 2 Hayır,,S_GURULTU,1 Evet; 2 Hayır,,S_GURULTU,1 Evet; 2 Hayır,
Events (separate regression),evt_housing (housing quality/deprivation),ELEK_KESINTI,"H12.6 Yaşadığınız konutta, elektrik kesintisi problemi var mı?",h12_6,1 Evet; 2 Hayır,,h12_6,1 Evet; 2 Hayır,,ELEK_KESINTI,1 Evet; 2 Hayır,,ELEK_KESINTI,1 Evet; 2 Hayır,,ELEK_KESINTI,1 Evet; 2 Hayır,
Events (separate regression),evt_housing (housing quality/deprivation),SEBEKE_SUYU_KESINTI,"H12.7 Yaşadığınız konutta, şebeke suyu kesintisi problemi var mı?",h12_7,1 Evet; 2 Hayır,KONUT_SEBEKE_SUYU=2 ise SEBEKE_SUYU_KESINTI boş olmaldıır-sorulmayacak,h12_7,1 Evet; 2 Hayır,KONUT_SEBEKE_SUYU=2 ise SEBEKE_SUYU_KESINTI boş olmalıdır-sorulmayacak,SEBEKE_SUYU_KESINTI,1 Evet; 2 Hayır,KONUT_SEBEKE_SUYU=1 ise sorunuz,SEBEKE_SUYU_KESINTI,1 Evet; 2 Hayır,KONUT_SEBEKE_SUYU=1 ise sorunuz,SEBEKE_SUYU_KESINTI,1 Evet; 2 Hayır,KONUT_SEBEKE_SUYU=1 ise sorunuz
Events (separate regression),evt_housing (housing quality/deprivation),ISINMA_PROBLEM,"H12.8 Yaşadığınız konutta, ısınma problemi var mı?",h12_8,1 Evet; 2 Hayır,,h12_8,1 Evet; 2 Hayır,,ISINMA_PROBLEM,1 Evet; 2 Hayır,,ISINMA_PROBLEM,1 Evet; 2 Hayır,,ISINMA_PROBLEM,1 Evet; 2 Hayır,
