coefficients|estimate_2013|z_2013|estimate_2014|z_2014|estimate_2015|z_2015|estimate_2016|z_2016|estimate_2017|z_2017
(Intercept)|-0,383884290434199|TRUE|-0,0109018999433785|FALSE|-0,475683238876779|FALSE|-0,0343101090263979|FALSE|-0,77266808751953|TRUE
age|-0,0776625207178875|TRUE|-0,0914209974233973|TRUE|-0,0783904619057002|TRUE|-0,0652840195591378|TRUE|-0,0771836081041994|TRUE
age_squared|0,000767509631406747|TRUE|0,000897334882905638|TRUE|0,000731817985410961|TRUE|0,000597608588052083|TRUE|0,000744919814934611|TRUE
education_levelPrimary Education|-0,294891655284112|TRUE|-0,245701275595383|FALSE|-0,260727092011162|TRUE|-0,271236931429611|TRUE|-0,358271191213001|TRUE
education_levelSecondary Education|-0,282379153658828|TRUE|-0,290260224924206|TRUE|-0,361356914071921|TRUE|-0,473326554740358|TRUE|-0,436641439172314|TRUE
education_levelTertiary Education|-0,196090570211347|TRUE|0,0626657750229653|FALSE|-0,234336144000507|FALSE|-0,376578864813964|TRUE|-0,412261817273721|TRUE
education_satisfactionNot Satisfied from Education|-0,106654684977338|TRUE|0,0169871990039578|FALSE|-0,00575239473662442|FALSE|-0,0285340740023308|FALSE|-0,0559212222771987|FALSE
education_satisfactionNot Satisfied from Education At All|-0,0379986754233778|FALSE|0,037650864069946|FALSE|-0,058892485801139|FALSE|0,0674799098891891|FALSE|-0,0415906679086597|FALSE
education_satisfactionSatisfied from Education|0,0820504057940602|TRUE|0,141348047030947|FALSE|0,135400161934978|FALSE|0,187446222873421|TRUE|0,0819319710165362|FALSE
education_satisfactionVery Satisfied from Education|0,121438591268791|TRUE|0,094693504610859|FALSE|0,532143273320526|TRUE|0,565461458788152|TRUE|0,418526358131898|TRUE
employment_job_satisfactionHappily Employed|0,0204496159172607|FALSE|-0,144292254041348|FALSE|0,110345576170207|FALSE|-0,0735074293633209|FALSE|0,101109602767907|FALSE
employment_job_satisfactionNeutral Employed|-0,132835572636233|TRUE|-0,453293638903672|TRUE|-0,0990217181445521|FALSE|-0,44318438930763|TRUE|-0,196412494064317|FALSE
employment_job_satisfactionUnemployed|-0,289711039339985|TRUE|-0,15869714865314|FALSE|-0,385518858325546|TRUE|-0,538015932107193|TRUE|-0,411708098585723|TRUE
employment_job_satisfactionUnhappily Employed|-0,286384843842176|TRUE|-0,342416571905132|TRUE|0,00945637715696843|FALSE|-0,581841717044005|TRUE|-0,302727418231651|TRUE
expectation_5y_laterBetter then Now|0,167060202205166|TRUE|0,0746827146066595|FALSE|0,255758115754501|TRUE|0,272330086976974|TRUE|0,253288820227821|TRUE
expectation_5y_laterSame as Now|0,0499573831191957|TRUE|-0,126916924961904|FALSE|0,0302621281207123|FALSE|0,00282960155420261|FALSE|0,0432369162289198|FALSE
expectation_5y_laterWorse then Now|-0,134350315803277|TRUE|-0,334940005139998|TRUE|-0,0220293650670603|FALSE|-0,0806406867599954|FALSE|-0,194125594383217|TRUE
extended_family_satisfactionNot Satisfied from Extended Family|-0,111408521914523|TRUE|0,0574818804227042|FALSE|0,00754663719955269|FALSE|0,112582218159056|FALSE|-0,056078691503308|FALSE
extended_family_satisfactionNot Satisfied from Extended Family At All|-0,121423442656186|FALSE|0,425791448483486|FALSE|-0,586694616632082|FALSE|-0,488590418249648|FALSE|-0,106555900364326|FALSE
extended_family_satisfactionSatisfied from Extended Family|0,215153342568231|TRUE|0,175176508369522|FALSE|0,202461121237384|TRUE|0,299389500948325|TRUE|0,36111410159575|TRUE
extended_family_satisfactionVery Satisfied from Extended Family|0,316280174214654|TRUE|0,271744993154336|FALSE|0,199361371629539|FALSE|0,191429105237171|FALSE|0,282206965373325|FALSE
faced_social_pressureYes|-0,192282794134651|TRUE|-0,206334616376438|TRUE|-0,311682524217022|TRUE|-0,175917337212401|TRUE|-0,13974340743095|TRUE
friends_satisfactionNot Satisfied from Friends|0,0650264366408647|FALSE|0,0113648409362444|FALSE|-0,41928115419208|TRUE|-0,22518992817699|FALSE|0,178537373657938|FALSE
friends_satisfactionNot Satisfied from Friends At All|0,00596122490002981|FALSE|0,408089554466432|FALSE|-0,31184117079446|FALSE|0,568391112283324|FALSE|-0,626207922937564|FALSE
friends_satisfactionSatisfied from Friends|0,201480336418952|TRUE|0,0362527792304415|FALSE|0,173855761383783|FALSE|0,12810528428873|FALSE|0,0582514302033736|FALSE
friends_satisfactionVery Satisfied from Friends|0,176309046594666|TRUE|0,191896102694227|FALSE|0,26871640063751|FALSE|0,152038790061961|FALSE|0,425663841916182|TRUE
genderMale|-0,307936742820161|TRUE|-0,37763490090023|TRUE|-0,533370356681307|TRUE|-0,415252460940667|TRUE|-0,428722398016489|TRUE
has_negative_life_eventYes|-0,280036948956594|TRUE|-0,138608311666262|FALSE|-0,204134315899191|TRUE|-0,284389426150194|TRUE|-0,158163045104296|TRUE
health_satisfactionNot Satisfied from Subjective Health|0,0284267776692476|FALSE|-0,172427121044378|FALSE|-0,092501726105493|FALSE|-0,166201497433245|FALSE|-0,161772531751751|FALSE
health_satisfactionNot Satisfied from Subjective Health At All|-0,159112830060948|TRUE|-0,071842561024714|FALSE|0,08740126913972|FALSE|-0,2930011546055|FALSE|-0,393866613202223|FALSE
health_satisfactionSatisfied from Subjective Health|0,562707144771397|TRUE|0,543989854841973|TRUE|0,520077990189801|TRUE|0,518260560544702|TRUE|0,441915219699381|TRUE
health_satisfactionVery Satisfied from Subjective Health|0,652217288449477|TRUE|0,456123204197429|TRUE|0,800636022461167|TRUE|0,797320520922652|TRUE|0,561082644134606|TRUE
hope_levelHopeful|0,860054992682572|TRUE|1,09984219999723|TRUE|1,22460007347222|TRUE|0,77263341521773|TRUE|1,07557981151049|TRUE
hope_levelNot Hopeful|0,208881593799803|TRUE|0,338251928972459|TRUE|0,479358917068586|TRUE|0,091794815939396|FALSE|0,425011019523957|TRUE
hope_levelVery Hopeful|1,30830471157115|TRUE|1,70403561713407|TRUE|1,77541841608729|TRUE|1,01696581523303|TRUE|1,78998147737063|TRUE
household_income_tierHousehold Income Tier 2|-0,0443796660108046|TRUE|0,0305201071592089|FALSE|0,0459442485363877|FALSE|-0,251903259040579|TRUE|0,0210872568127267|FALSE
household_income_tierHousehold Income Tier 3|-0,0863230041829957|TRUE|-0,0569959906677856|FALSE|-0,0154489117891416|FALSE|-0,298925680862091|TRUE|-0,0920150729332059|FALSE
household_income_tierHousehold Income Tier 4|-0,0669470202694574|TRUE|-0,0415974568236837|FALSE|0,163333642765079|FALSE|-0,228038847106012|TRUE|-0,222329154648108|TRUE
household_income_tierHousehold Income Tier 5|0,00826673977510404|FALSE|0,0336905656067979|FALSE|-0,0695776186306705|FALSE|-0,257279446792762|TRUE|-0,120962430649601|FALSE
housing_satisfactionNot Satisfied from Housing|0,00363461120908055|FALSE|-0,024003733337196|FALSE|-0,0277785977155992|FALSE|0,102306579793076|FALSE|0,0166419126373501|FALSE
housing_satisfactionNot Satisfied from Housing At All|-0,0286523312915785|FALSE|0,0557491345000666|FALSE|-0,0202141242416097|FALSE|-0,889264590054099|TRUE|-0,00628454142141659|FALSE
housing_satisfactionSatisfied from Housing|0,241145670289654|TRUE|0,207398920899441|TRUE|0,168789069133565|FALSE|0,319054893638803|TRUE|0,343521867795764|TRUE
housing_satisfactionVery Satisfied from Housing|0,390442918491191|TRUE|0,327205781895145|FALSE|0,184142793832588|FALSE|-0,0586111151353605|FALSE|-0,0404345115594764|FALSE
housing_tenureEmployer-Provided Housing|-0,0544835202226172|FALSE|-0,259481276430776|FALSE|-0,522401201342734|TRUE|0,196391303335864|FALSE|-0,080815722701805|FALSE
housing_tenureRent-Free (Non-Owner)|-0,0458387013235546|TRUE|0,0145331572468614|FALSE|0,023853759285599|FALSE|0,0269547574524577|FALSE|0,0163617302259147|FALSE
housing_tenureRenter|-0,0840833843313599|TRUE|-0,127336479044742|FALSE|0,00358523074743213|FALSE|-0,166344268142382|TRUE|-0,0294209896188648|FALSE
income_satisfactionNot Satisfied from Income|-0,226332596666577|TRUE|-0,185955452752616|TRUE|-0,118589520868163|FALSE|-0,07521798334656|FALSE|-0,164671794081573|TRUE
income_satisfactionNot Satisfied from Income At All|-0,301200722823723|TRUE|-0,432523250436917|TRUE|-0,172941881338502|FALSE|-0,207531802081624|FALSE|-0,270311941260058|FALSE
income_satisfactionSatisfied from Income|0,272178207375445|TRUE|0,17405002517241|TRUE|0,334719282814778|TRUE|0,301196577956888|TRUE|0,227877278573025|TRUE
income_satisfactionVery Satisfied from Income|0,414878018894461|TRUE|-0,401004869725051|FALSE|0,231274752980977|FALSE|0,246872212637448|FALSE|0,232958502109075|FALSE
income_sufficiencyNot Satisfied from Income Sufficiency|-0,0486437917065975|TRUE|0,0841055918684612|FALSE|-0,148751517914142|TRUE|-0,118822394572207|FALSE|-0,0395449044564643|FALSE
income_sufficiencyNot Satisfied from Income Sufficiency At All|-0,0778256298682255|TRUE|0,0576532461023828|FALSE|-0,0917871120254835|FALSE|-0,383792461489799|TRUE|-0,218549482786301|TRUE
income_sufficiencySatisfied from Income Sufficiency|0,360911915296516|TRUE|0,436527194204191|TRUE|0,233681745228341|TRUE|0,228093101485331|TRUE|0,198660026637787|TRUE
income_sufficiencyVery Satisfied from Income Sufficiency|0,419290869788762|TRUE|0,238322845301544|FALSE|0,543207830195271|TRUE|0,0874331445502383|FALSE|0,449836742593765|TRUE
is_faced_with_a_housing_issueYes|-0,0659836580394777|TRUE|-0,161624800437992|TRUE|-0,0587064344019072|FALSE|-0,0367282840659027|FALSE|-0,142693889486524|TRUE
leisure_satisfactionNot Satisfied from Leisure|-0,161676126347665|TRUE|-0,223320655681761|TRUE|-0,183166696893508|TRUE|-0,177814766365203|FALSE|-0,0342306115784149|FALSE
leisure_satisfactionNot Satisfied from Leisure At All|-0,225989057733281|TRUE|0,00415438203518511|FALSE|-0,417029088194248|TRUE|-0,271193439474947|FALSE|-0,342159488502421|FALSE
leisure_satisfactionSatisfied from Leisure|0,174612842848823|TRUE|0,152710343615671|FALSE|0,0853605011174457|FALSE|0,0635895188185411|FALSE|0,365564769005691|TRUE
leisure_satisfactionVery Satisfied from Leisure|0,307954203692853|TRUE|0,358813524067738|FALSE|0,428872938860336|FALSE|0,00254775185630576|FALSE|0,530117326800515|TRUE
marital_status_satisfactionHappily Married|0,836168492136506|TRUE|0,97391367488034|TRUE|0,870622144157929|TRUE|0,747424388353037|TRUE|0,902867507295334|TRUE
marital_status_satisfactionNeutral Married|-0,525838967219286|TRUE|-0,58144542644014|TRUE|-0,385109409817771|TRUE|-0,713750675216369|TRUE|-0,342421073485733|FALSE
marital_status_satisfactionOther|-0,0100402199690887|FALSE|-0,0273107710547879|FALSE|0,0911600555371437|FALSE|-0,281691210766334|TRUE|0,069366933485636|FALSE
marital_status_satisfactionUnhappily Married|-0,54292881897179|TRUE|-0,556754422015414|FALSE|-0,576761111483109|TRUE|-1,075051282684|TRUE|-0,743739332096962|TRUE
materialismMaterialistic|-0,332287230987707|TRUE|-0,507310476120243|TRUE|-0,421716033374104|TRUE|-0,410515401008095|TRUE|-0,303796580038838|TRUE
religiosityReligious|0,17786214363412|TRUE|0,118980925134708|FALSE|-0,161132694924919|FALSE|0,147188350644288|FALSE|0,235655099612477|TRUE
religiositySomewhat Religious|0,0201793735246715|FALSE|-0,137792674940413|FALSE|-0,158152904211632|FALSE|0,0399911596384172|FALSE|0,0598767702018664|FALSE
safety_around_homeNot Satisfied from Safety Around Home|0,145959103138687|TRUE|0,0960234552396866|FALSE|0,124289064420968|FALSE|-0,0480196142833598|FALSE|0,112303571172693|FALSE
safety_around_homeNot Satisfied from Safety Around Home At All|0,16598755620568|TRUE|0,111829399331166|FALSE|0,237820604403508|FALSE|0,0571198212841079|FALSE|0,0939370756025835|FALSE
safety_around_homeSatisfied from Safety Around Home|0,208509885274984|TRUE|0,132332161613284|FALSE|0,237463778587498|TRUE|0,191419087615225|TRUE|0,166430809219996|TRUE
safety_around_homeVery Satisfied from Safety Around Home|0,0956581776095822|TRUE|-0,0338282507321348|FALSE|0,207347037386354|FALSE|0,303843474053866|TRUE|0,0767960345913974|FALSE
safety_at_homeNot Satisfied from Safety at Home|0,345561786460991|TRUE|0,259330543757207|FALSE|0,255086605238319|TRUE|0,377781646516386|TRUE|0,438105973402224|TRUE
safety_at_homeNot Satisfied from Safety at Home At All|0,154966584524303|TRUE|-0,0282160250103463|FALSE|0,383642526416619|FALSE|0,164865804435973|FALSE|0,0292919497189493|FALSE
safety_at_homeSatisfied from Safety at Home|0,465134400657157|TRUE|0,359531900399642|TRUE|0,471633796253799|TRUE|0,47099168201414|TRUE|0,269071150638045|TRUE
safety_at_homeVery Satisfied from Safety at Home|0,340049438764746|TRUE|0,438818183440148|TRUE|0,46107881597106|TRUE|0,289139209180827|TRUE|0,210283471028506|FALSE
social_life_satisfactionNot Satisfied from Social Life|-0,103904770052778|TRUE|-0,18587690524286|TRUE|-0,0876713705093678|FALSE|-0,206423678226411|TRUE|-0,181745624441165|TRUE
social_life_satisfactionNot Satisfied from Social Life At All|-0,149723061882625|TRUE|-0,291517136028391|FALSE|0,172458117732002|FALSE|-0,239582473349799|FALSE|-0,172705374640882|FALSE
social_life_satisfactionSatisfied from Social Life|0,24144447821396|TRUE|0,106624704957524|FALSE|0,329484639995754|TRUE|0,265771148757112|TRUE|0,213097295904106|TRUE
social_life_satisfactionVery Satisfied from Social Life|0,467851448476897|TRUE|0,695864270871814|TRUE|0,172372117222599|FALSE|0,724091844331806|TRUE|0,379439236679064|FALSE
wellbeing_ladderWellbeing Ladder: 1|0,0740632975266356|TRUE|0,00304080169558538|FALSE|0,0705687293371751|FALSE|-0,148078347936871|FALSE|0,0562697642167873|FALSE
wellbeing_ladderWellbeing Ladder: 10|0,421010311014037|TRUE|0,534607163899592|FALSE|0,939283712845646|TRUE|0,699587558884913|TRUE|0,727969917712404|TRUE
wellbeing_ladderWellbeing Ladder: 2|0,144118410498572|TRUE|0,132390672428818|FALSE|0,0719564278858703|FALSE|0,0691488559134083|FALSE|0,19262699517208|FALSE
wellbeing_ladderWellbeing Ladder: 3|0,134679461428692|TRUE|0,188452556485976|FALSE|0,115132356055356|FALSE|0,316877434241648|FALSE|0,224545590187768|FALSE
wellbeing_ladderWellbeing Ladder: 4|0,146776503420611|TRUE|0,295602190503407|FALSE|0,0808822211059387|FALSE|0,168097272912998|FALSE|0,29778186440152|FALSE
wellbeing_ladderWellbeing Ladder: 5|0,0967296136688308|TRUE|0,271408044166923|FALSE|0,136373949576954|FALSE|0,269929313532094|FALSE|0,4707188871489|TRUE
wellbeing_ladderWellbeing Ladder: 6|0,293623800294328|TRUE|0,516895236371554|TRUE|0,319661417617926|FALSE|0,305391413769697|FALSE|0,678644724229992|TRUE
wellbeing_ladderWellbeing Ladder: 7|0,41967022608801|TRUE|0,946533195267339|TRUE|0,86062727617731|TRUE|0,535115104409537|TRUE|0,807840845136261|TRUE
wellbeing_ladderWellbeing Ladder: 8|0,449892532104976|TRUE|1,0478806665255|TRUE|0,494513960624318|TRUE|0,551417449046004|TRUE|1,07767488196454|TRUE
wellbeing_ladderWellbeing Ladder: 9|0,650761188914732|TRUE|0,734451812979413|TRUE|0,548722707095572|FALSE|0,77521113090404|TRUE|0,825450386247858|TRUE
