GNH Domain,GNH Sub-domain,Variable (concept),Raw survey variable,Reference question (latest available wording),2013 column,2013 answers,2014 column,2014 answers,2015 column,2015 answers,2016 column,2016 answers,2017 column,2017 answers
Psychological Wellbeing,life_evaluation,happiness_overall,MUTLULUK,B9 Yaşamınızı bir bütün olarak düşündüğünüzde ne kadar mutlusunuz?,b9,1 Çok mutlu; 2 Mutlu; 3 Orta; 4 Mutsuz; 5 Çok mutsuz,b9,1 Çok mutlu; 2 Mutlu; 3 Orta; 4 Mutsuz; 5 Çok mutsuz,MUTLULUK,1 Çok mutlu; 2 Mutlu; 3 Orta; 4 Mutsuz; 5 Çok mutsuz,MUTLULUK,1 Çok mutlu; 2 Mutlu; 3 Orta; 4 Mutsuz; 5 Çok mutsuz,MUTLULUK,1 Çok mutlu; 2 Mutlu; 3 Orta; 4 Mutsuz; 5 Çok mutsuz
Psychological Wellbeing,life_evaluation,hope_for_own_future,UMUT,B40 Kendi geleceğinizden ne kadar umutlusunuz?,b40,1 Çok umutlu; 2 Umutlu; 3 Umutlu değil; 4 Hiç umutlu değil,b40,1 Çok umutlu; 2 Umutlu; 3 Umutlu değil; 4 Hiç umutlu değil,UMUT,1 Çok umutlu; 2 Umutlu; 3 Umutlu değil; 4 Hiç umutlu değil,UMUT,1 Çok umutlu; 2 Umutlu; 3 Umutlu değil; 4 Hiç umutlu değil,UMUT,1 Çok umutlu; 2 Umutlu; 3 Umutlu değil; 4 Hiç umutlu değil
Health,healthcare_service_facing_issues,appointment_booking_problem,SORUN_MUAYNE,"B30.1 Sağlık hizmeti aldığınız kuruluşlarla ilgili, muayene ve/veya tahlil için randevu almakta sorun yaşıyor musunuz?",b30_1,1 Evet; 2 Hayır; 3 Fikrim yok,b30_1,1 Evet; 2 Hayır; 3 Fikri yok,SORUN_MUAYNE,1 Evet; 2 Hayır; 3 Fikri yok,SORUN_MUAYNE,1 Evet; 2 Hayır; 3 Fikri yok,SORUN_MUAYNE,1 Evet; 2 Hayır; 3 Fikri yok
Health,healthcare_service_facing_issues,copayment_cost_problem,SORUN_KATKIPAY,"B30.10 Sağlık hizmeti aldığınız kuruluşlarla ilgili, muayene için katkı payı ücreti ödemeyi sorun olarak görüyor musunuz?",b30_10,1 Evet; 2 Hayır; 3 Fikrim yok,b30_10,1 Evet; 2 Hayır; 3 Fikri yok,SORUN_KATKIPAY,1 Evet; 2 Hayır; 3 Fikri yok,SORUN_KATKIPAY,1 Evet; 2 Hayır; 3 Fikri yok,SORUN_KATKIPAY,1 Evet; 2 Hayır; 3 Fikri yok
Health,healthcare_service_facing_issues,doctor_attitude_problem,SORUN_DOKTOR,"B30.4 Sağlık hizmeti aldığınız kuruluşlarla ilgili, doktorların hastalara davranışında sorun var mı?",b30_4,1 Evet; 2 Hayır; 3 Fikrim yok,b30_4,1 Evet; 2 Hayır; 3 Fikri yok,SORUN_DOKTOR,1 Evet; 2 Hayır; 3 Fikri yok,SORUN_DOKTOR,1 Evet; 2 Hayır; 3 Fikri yok,SORUN_DOKTOR,1 Evet; 2 Hayır; 3 Fikri yok
Health,healthcare_service_facing_issues,examination_fee_problem,SORUN_UCRET_MUAYENE,"B30.7 Sağlık hizmeti aldığınız kuruluşlarla ilgili, muayene ve tahlil ücretlerini yüksek buluyor musunuz?",b30_7,1 Evet; 2 Hayır; 3 Fikrim yok,b30_7,1 Evet; 2 Hayır; 3 Fikri yok,SORUN_UCRET_MUAYENE,1 Evet; 2 Hayır; 3 Fikri yok,SORUN_UCRET_MUAYENE,1 Evet; 2 Hayır; 3 Fikri yok,SORUN_UCRET_MUAYENE,1 Evet; 2 Hayır; 3 Fikri yok
Health,healthcare_service_facing_issues,health_expense_reimbursement_problem,SORUN_SAGLIK_HARCAMA,"B22.2 Bağlı bulunduğunuz sosyal güvenlik kuruluşu vasıtasıyla aldığınız hizmetlerden, sağlık harcamalarının geri ödenmesi ile ilgili işlemlerde sorun yaşıyor musunuz?",b22_2,1 Evet; 2 Hayır; 3 Fikri yok,b22_1,1 Evet; 2 Hayır; 3 Fikri yok,SORUN_SAGLIK_HARCAMA,1 Evet; 2 Hayır; 3 Fikri yok,SORUN_SAGLIK_HARCAMA,1 Evet; 2 Hayır; 3 Fikri yok,SORUN_SAGLIK_HARCAMA,1 Evet; 2 Hayır; 3 Fikri yok
Health,healthcare_service_facing_issues,health_facility_hygiene_problem,SORUN_HIJYEN,"B30.2 Sağlık hizmeti aldığınız kuruluşlarla ilgili, temizlik/hijyen konusunda sorun var mı?",b30_2,1 Evet; 2 Hayır; 3 Fikrim yok,b30_2,1 Evet; 2 Hayır; 3 Fikri yok,SORUN_HIJYEN,1 Evet; 2 Hayır; 3 Fikri yok,SORUN_HIJYEN,1 Evet; 2 Hayır; 3 Fikri yok,SORUN_HIJYEN,1 Evet; 2 Hayır; 3 Fikri yok
Health,healthcare_service_facing_issues,health_staff_adequacy_problem,SORUN_YETERLI_SGLKPERSONEL,"B30.6 Sağlık hizmeti aldığınız kuruluşlarla ilgili, doktor ve sağlık personeli sayısını yeterli buluyormusunuz?",b30_6,1 Evet; 2 Hayır; 3 Fikrim yok,b30_6,1 Evet; 2 Hayır; 3 Fikri yok,SORUN_YETERLI_SGLKPERSONEL,1 Evet; 2 Hayır; 3 Fikri yok,SORUN_YETERLI_SGLKPERSONEL,1 Evet; 2 Hayır; 3 Fikri yok,SORUN_YETERLI_SGLKPERSONEL,1 Evet; 2 Hayır; 3 Fikri yok
Health,healthcare_service_facing_issues,medicine_price_problem,SORUN_ILAC_FIYAT,"B30.8 Sağlık hizmeti aldığınız kuruluşlarla ilgili, ilaç fiyatlarında sorun görüyor musunuz?",b30_8,1 Evet; 2 Hayır; 3 Fikrim yok,b30_8,1 Evet; 2 Hayır; 3 Fikri yok,SORUN_ILAC_FIYAT,1 Evet; 2 Hayır; 3 Fikri yok,SORUN_ILAC_FIYAT,1 Evet; 2 Hayır; 3 Fikri yok,SORUN_ILAC_FIYAT,1 Evet; 2 Hayır; 3 Fikri yok
Health,healthcare_service_facing_issues,nurse_attitude_problem,SORUN_HEMSIRE,"B30.5 Sağlık hizmeti aldığınız kuruluşlarla ilgili, hemşirelerin/hastabakıcıların hastalara davranışında sorun var mı?",b30_5,1 Evet; 2 Hayır; 3 Fikrim yok,b30_5,1 Evet; 2 Hayır; 3 Fikri yok,SORUN_HEMSIRE,1 Evet; 2 Hayır; 3 Fikri yok,SORUN_HEMSIRE,1 Evet; 2 Hayır; 3 Fikri yok,SORUN_HEMSIRE,1 Evet; 2 Hayır; 3 Fikri yok
Health,healthcare_service_facing_issues,problem_at_last_health_visit,SORUN_SAGLIK_HIZALIM,B29 En son sağlık hizmeti alımı sırasında herhangi bir sorun yaşadınız mı?,b29,1 Evet; 2 Hayır,b29,1 Evet; 2 Hayır,SORUN_SAGLIK_HIZALIM,1 Evet; 2 Hayır,SORUN_SAGLIK_HIZALIM,1 Evet; 2 Hayır,SORUN_SAGLIK_HIZALIM,1 Evet; 2 Hayır
Health,healthcare_service_facing_issues,sgk_health_service_quality_problem,SORUN_SAG_HIZMET,B22.1 Bağlı bulunduğunuz sosyal güvenlik kuruluşu vasıtasıyla aldığınız sağlık hizmetlerinin kalitesinde sorun yaşıyor musunuz?,b22_1,1 Evet; 2 Hayır; 3 Fikri yok,MISSING (not found in questionnaire),,MISSING (not found in questionnaire),,MISSING (not found in questionnaire),,MISSING (not found in questionnaire),
Health,healthcare_service_facing_issues,sgk_medicine_purchase_problem,SORUN_ILAC,"B22.3 Bağlı bulunduğunuz sosyal güvenlik kuruluşu vasıtasıyla aldığınız hizmetlerden, ilaç alımı ile ilgili işlemlerde sorun yaşıyor musunuz?",b22_3,1 Evet; 2 Hayır; 3 Fikri yok,b22_2,1 Evet; 2 Hayır; 3 Fikri yok,SORUN_ILAC,1 Evet; 2 Hayır; 3 Fikri yok,SORUN_ILAC,1 Evet; 2 Hayır; 3 Fikri yok,SORUN_ILAC,1 Evet; 2 Hayır; 3 Fikri yok
Health,healthcare_service_facing_issues,waiting_time_problem,SORUN_SIRABEKLE,"B30.9 Sağlık hizmeti aldığınız kuruluşlarla ilgili, muayene ve/veya tahlil için sıra beklemede sorun var mı?",b30_9,1 Evet; 2 Hayır; 3 Fikrim yok,b30_9,1 Evet; 2 Hayır; 3 Fikri yok,SORUN_SIRABEKLE,1 Evet; 2 Hayır; 3 Fikri yok,SORUN_SIRABEKLE,1 Evet; 2 Hayır; 3 Fikri yok,SORUN_SIRABEKLE,1 Evet; 2 Hayır; 3 Fikri yok
Health,own_health_satisfaction,health_satisfaction,OLCEK_MEMNUNIYET_SAGLIK,B12.1 Sağlığınızdan memnun musunuz?,b12_1,1 Çok memnun; 2 Memnun; 3 Orta; 4 Memnun değil; 5 Hiç memnun değil,b12_1,1 Çok memnun; 2 Memnun; 3 Orta; 4 Memnun değil; 5 Hiç memnun değil,OLCEK_MEMNUNIYET_SAGLIK,1 Çok memnun; 2 Memnun; 3 Orta; 4 Memnun değil; 5 Hiç memnun değil,OLCEK_MEMNUNIYET_SAGLIK,1 Çok memnun; 2 Memnun; 3 Orta; 4 Memnun değil; 5 Hiç memnun değil,OLCEK_MEMNUNIYET_SAGLIK,1 Çok memnun; 2 Memnun; 3 Orta; 4 Memnun değil; 5 Hiç memnun değil
Education,access,educational_attainment,OKUL_BITEN,B2 En son hangi okulu bitirdiniz?,b2,0 Bir okul bitirmedi; 1 İlkokul; 4 2 veya 3 yıllık yüksekokul; 5 4 yıllık yüksekokul veya fakülte; 6 Yüksek lisans/doktora(5 veya 6 yıllık fakülteler dahil); 21 Genel ortaokul; 22 Mesleki veya teknik ortaokul; 23 İlköğretim; 31 Genel lise; 32 Mesleki veya teknik lise,b2,0 Bir okul bitirmedi; 1 İlkokul; 4 2 veya 3 yıllık yüksekokul; 5 4 yıllık yüksekokul veya fakülte; 6 Yüksek lisans/doktora(5 veya 6 yıllık fakülteler dahil); 21 Genel ortaokul; 22 Mesleki veya teknik ortaokul; 23 İlköğretim; 31 Genel lise; 32 Mesleki veya teknik lise,OKUL_BITEN,0 Bir okul bitirmedi; 1 İlkokul; 21 Genel ortaokul; 22 Mesleki veya teknik ortaokul; 23 İlköğretim; 31 Genel lise; 32 Mesleki veya teknik lise; 4 2 veya 3 yıllık yüksekokul; 5 4 yıllık yüksekokul veya fakülte; 6 Yüksek lisans/doktora(5 veya 6 yıllık fakülteler dahil); 7 Doktora,OKUL_BITEN,0 Bir okul bitirmedi; 1 İlkokul; 21 Genel ortaokul; 22 Mesleki veya teknik ortaokul; 23 İlköğretim; 31 Genel lise; 32 Mesleki veya teknik lise; 4 2 veya 3 yıllık yüksekokul; 5 4 yıllık yüksekokul veya fakülte; 6 Yüksek lisans (5 veya 6 yıllık fakülteler dahil); 7 Doktora,OKUL_BITEN,1 Bir okul bitirmedi; 2 İlkokul; 31 Genel ortaokul; 32 Mesleki veya teknik ortaokul; 33 İlköğretim; 41 Genel lise; 42 Mesleki veya teknik lise; 511 2 veya 3 yıllık yüksekokul; 512 4 yıllık yüksekokul veya fakülte; 52 Yüksek lisans (5 veya 6 yıllık fakülteler dahil); 53 Doktora
Education,attainment,own_education_satisfaction,OLCEK_MEMNUNIYET_EGITIM,B12.3 Şimdiye kadar almış olduğunuz eğitimden memnun musunuz?,b12_3,1 Çok memnun; 2 Memnun; 3 Orta; 4 Memnun değil; 5 Hiç memnun değil; 6 Eğitim almadı,b12_3,1 Çok memnun; 2 Memnun; 3 Orta; 4 Memnun değil; 5 Hiç memnun değil; 6 Eğitim almadı,OLCEK_MEMNUNIYET_EGITIM,1 Çok memnun; 2 Memnun; 3 Orta; 4 Memnun değil; 5 Hiç memnun değil; 6 Eğitim almadı,OLCEK_MEMNUNIYET_EGITIM,1 Çok memnun; 2 Memnun; 3 Orta; 4 Memnun değil; 5 Hiç memnun değil; 6 Eğitim almadı,OLCEK_MEMNUNIYET_EGITIM,1 Çok memnun; 2 Memnun; 3 Orta; 4 Memnun değil; 5 Hiç memnun değil; 6 Eğitim almadı
Education,educational_issues,classroom_overcrowding,DEV_OGRENCI_SAYISI; OZEL_OGR_SAYI,H16.A7 Sınıflardaki öğrenci sayısı nasıl?,h16 / h17,1 Normal; 2 Kalabalık; 3 Aşırı kalabalık || 1 Normal; 2 Kalabalık; 3 Aşırı kalabalık,h16 / h17,1 Normal; 2 Kalabalık; 3 Aşırı kalabalık; 4 İlgili değil || 1 Normal; 2 Kalabalık; 3 Aşırı kalabalık,DEV_OGRENCI_SAYISI / OZEL_OGR_SAYI,1 Normal; 2 Kalabalık; 3 Aşırı kalabalık; 4 İlgili değil || 1 Normal; 2 Kalabalık; 3 Aşırı kalabalık,DEV_OGRENCI_SAYISI / OZEL_OGR_SAYI,1 Normal; 2 Kalabalık; 3 Aşırı kalabalık; 4 İlgili değil || 1 Normal; 2 Kalabalık; 3 Aşırı kalabalık,DEV_OGRENCI_SAYISI / OZEL_OGR_SAYI,1 Normal; 2 Kalabalık; 3 Aşırı kalabalık; 4 İlgili değil || 1 Normal; 2 Kalabalık; 3 Aşırı kalabalık
Education,educational_issues,school_administration_satisfaction,DEV_OKUL_IDR; OZEL_OKUL_IDR,H16.A4 Okul idaresinin genel yaklaşımından memnun musunuz?,h16 / h17,1 Evet; 2 Hayır || 1 Evet; 2 Hayır,h16 / h17,1 Evet; 2 Hayır; 3 İlgili değil || 1 Evet; 2 Hayır,DEV_OKUL_IDR / OZEL_OKUL_IDR,1 Evet; 2 Hayır; 3 İlgili değil || 1 Evet; 2 Hayır,DEV_OKUL_IDR / OZEL_OKUL_IDR,1 Evet; 2 Hayır; 3 İlgili değil || 1 Evet; 2 Hayır,DEV_OKUL_IDR / OZEL_OKUL_IDR,1 Evet; 2 Hayır; 3 İlgili değil || 1 Evet; 2 Hayır
Education,educational_issues,school_costs_perception,DEV_EGT_MASRAF; OZEL_EGT_MAS,H16.A8 Eğitim masrafları sizce nasıl?,h16 / h17,1 Normal; 2 Yüksek; 3 Aşırı yüksek || 1 Normal; 2 Yüksek; 3 Aşırı yüksek,h16 / h17,1 Normal; 2 Yüksek; 3 Aşırı yüksek || 1 Normal; 2 Yüksek; 3 Aşırı yüksek,DEV_EGT_MASRAF / OZEL_EGT_MAS,1 Normal; 2 Yüksek; 3 Aşırı yüksek || 1 Normal; 2 Yüksek; 3 Aşırı yüksek,DEV_EGT_MASRAF / OZEL_EGT_MAS,1 Normal; 2 Yüksek; 3 Aşırı yüksek || 1 Normal; 2 Yüksek; 3 Aşırı yüksek,DEV_EGT_MASRAF / OZEL_EGT_MAS,1 Normal; 2 Yüksek; 3 Aşırı yüksek || 1 Normal; 2 Yüksek; 3 Aşırı yüksek
Education,educational_issues,school_education_quality,DEV_EGT_KALIT; OZEL_EGT_KALIT,H16.A2 Okuldaki eğitimin kalitesini beğeniyor musunuz?,h16 / h17,1 Evet; 2 Hayır || 1 Evet; 2 Hayır,h16 / h17,1 Evet; 2 Hayır || 1 Evet; 2 Hayır,DEV_EGT_KALIT / OZEL_EGT_KALIT,1 Evet; 2 Hayır || 1 Evet; 2 Hayır,DEV_EGT_KALIT / OZEL_EGT_KALIT,1 Evet; 2 Hayır || 1 Evet; 2 Hayır,DEV_EGT_KALIT / OZEL_EGT_KALIT,1 Evet; 2 Hayır || 1 Evet; 2 Hayır
Education,educational_issues,school_facility_conditions,DEV_OKUL_ISINMA; OZEL_OKUL_ISIN,"H16.A9 Okulların ısınma, temizlik, aydınlanma vb. koşulları sizce nasıl?",h16 / h17,1 İyi; 2 Orta; 3 Kötü || 1 İyi; 2 Orta; 3 Kötü,h16 / h17,1 İyi; 2 Orta; 3 Kötü; 4 İlgili değil || 1 İyi; 2 Orta; 3 Kötü,DEV_OKUL_ISINMA / OZEL_OKUL_ISIN,1 İyi; 2 Orta; 3 Kötü; 4 İlgili değil || 1 İyi; 2 Orta; 3 Kötü,DEV_OKUL_ISINMA / OZEL_OKUL_ISIN,1 İyi; 2 Orta; 3 Kötü; 4 İlgili değil || 1 İyi; 2 Orta; 3 Kötü,DEV_OKUL_ISINMA / OZEL_OKUL_ISIN,1 İyi; 2 Orta; 3 Kötü; 4 İlgili değil || 1 İyi; 2 Orta; 3 Kötü
Education,educational_issues,school_materials_adequacy,DEV_EGT_ARAC; OZEL_EGT_ARAC,H16.A3 Okuldaki eğitim araçlarının niteliği/sayısı sizce nasıl?,h16 / h17,1 Yeterli; 2 Yeterli değil; 3 Fikri yok || 1 Yeterli; 2 Yeterli değil; 3 Fikri yok,h16 / h17,1 Yeterli; 2 Yeterli değil; 3 Fikri yok || 1 Yeterli; 2 Yeterli değil; 3 Fikri yok,DEV_EGT_ARAC / OZEL_EGT_ARAC,1 Yeterli; 2 Yeterli değil; 3 Fikri yok || 1 Yeterli; 2 Yeterli değil; 3 Fikri yok,DEV_EGT_ARAC / OZEL_EGT_ARAC,1 Yeterli; 2 Yeterli değil; 3 Fikri yok || 1 Yeterli; 2 Yeterli değil; 3 Fikri yok,DEV_EGT_ARAC / OZEL_EGT_ARAC,1 Yeterli; 2 Yeterli değil; 3 Fikri yok || 1 Yeterli; 2 Yeterli değil; 3 Fikri yok
Education,educational_issues,school_registration_problem,DEV_OKUL_KAYIT; OZEL_OKUL_KAYIT,H16.A1 Okula kayıt işlemlerinde sorun yaşadınız mı?,h16 / h17,1 Evet; 2 Hayır; 3 İlgili değil || 1 Evet; 2 Hayır; 3 İlgili değil,h16 / h17,1 Evet; 2 Hayır; 3 İlgili değil || 1 Evet; 2 Hayır; 3 İlgili değil,DEV_OKUL_KAYIT / OZEL_OKUL_KAYIT,1 Evet; 2 Hayır; 3 İlgili değil || 1 Evet; 2 Hayır; 3 İlgili değil,DEV_OKUL_KAYIT / OZEL_OKUL_KAYIT,1 Evet; 2 Hayır; 3 İlgili değil || 1 Evet; 2 Hayır; 3 İlgili değil,DEV_OKUL_KAYIT / OZEL_OKUL_KAYIT,1 Evet; 2 Hayır; 3 İlgili değil || 1 Evet; 2 Hayır; 3 İlgili değil
Education,educational_issues,school_safety,DEV_OKUL_GUVENLIK; OZEL_OKUL_GUVENLIK,H16.A.10 Okul ve okul çevresinde güvenlik sizce nasıl?,h16 / h17,1 İyi; 2 Orta; 3 Kötü || 1 İyi; 2 Orta; 3 Kötü,h16 / h17,1 İyi; 2 Orta; 3 Kötü; 4 İlgili değil || 1 İyi; 2 Orta; 3 Kötü,DEV_OKUL_GUVENLIK / OZEL_OKUL_GUVENLIK,1 İyi; 2 Orta; 3 Kötü; 4 İlgili değil || 1 İyi; 2 Orta; 3 Kötü,DEV_OKUL_GUVENLIK / OZEL_OKUL_GUVENLIK,1 İyi; 2 Orta; 3 Kötü; 4 İlgili değil || 1 İyi; 2 Orta; 3 Kötü,DEV_OKUL_GUVENLIK / OZEL_OKUL_GUVENLIK,1 İyi; 2 Orta; 3 Kötü; 4 İlgili değil || 1 İyi; 2 Orta; 3 Kötü
Education,educational_issues,school_transport_problem,DEV_SERVIS; OZEL_SERVIS,"H16.A6 Okula ulaşımda(dolmuş, otobüs veya servis..vb) sorun var mı?",h16 / h17,1 Var; 2 Yok || 1 Var; 2 Yok,h16 / h17,1 Var; 2 Yok; 3 İlgili değil || 1 Var; 2 Yok,DEV_SERVIS / OZEL_SERVIS,1 Var; 2 Yok; 3 İlgili değil || 1 Var; 2 Yok,DEV_SERVIS / OZEL_SERVIS,1 Var; 2 Yok; 3 İlgili değil || 1 Var; 2 Yok,DEV_SERVIS / OZEL_SERVIS,1 Var; 2 Yok; 3 İlgili değil || 1 Var; 2 Yok
Education,educational_issues,teacher_attitude_satisfaction,DEV_OGRETMEN_YAKLASIM; OZEL_OGR_YAK,H16.A5 Öğretmenlerin öğrencilere yaklaşımından memnun musunuz?,h16 / h17,1 Evet; 2 Hayır || 1 Evet; 2 Hayır,h16 / h17,1 Evet; 2 Hayır; 3 İlgili değil || 1 Evet; 2 Hayır,DEV_OGRETMEN_YAKLASIM / OZEL_OGR_YAK,1 Evet; 2 Hayır; 3 İlgili değil || 1 Evet; 2 Hayır,DEV_OGRETMEN_YAKLASIM / OZEL_OGR_YAK,1 Evet; 2 Hayır; 3 İlgili değil || 1 Evet; 2 Hayır,DEV_OGRETMEN_YAKLASIM / OZEL_OGR_YAK,1 Evet; 2 Hayır; 3 İlgili değil || 1 Evet; 2 Hayır
Time Use,time_allocation_satisfaction,commute_time_satisfaction,OLCEK_MEMNUNIYET_IS_TRFK_ZMN,B12.11 İşe geliş gidiş için harcadığınız (ayırdığınız) zamandan memnun musunuz?,b12_11,1 Çok memnun; 2 Memnun; 3 Orta; 4 Memnun değil; 5 Hiç memnun değil,b12_11,1 Çok memnun; 2 Memnun; 3 Orta; 4 Memnun değil; 5 Hiç memnun değil,OLCEK_MEMNUNIYET_IS_TRFK_ZMN,1 Çok memnun; 2 Memnun; 3 Orta; 4 Memnun değil; 5 Hiç memnun değil,OLCEK_MEMNUNIYET_IS_TRFK_ZMN,1 Çok memnun; 2 Memnun; 3 Orta; 4 Memnun değil; 5 Hiç memnun değil,OLCEK_MEMNUNIYET_IS_TRFK_ZMN,1 Çok memnun; 2 Memnun; 3 Orta; 4 Memnun değil; 5 Hiç memnun değil
Time Use,time_allocation_satisfaction,personal_leisure_time_satisfaction,OLCEK_MEMNUNIYET_KISISEL_BKM,B12.10 Kendinize ayırdığınız zamandan memnun musunuz?,b12_10,1 Çok memnun; 2 Memnun; 3 Orta; 4 Memnun değil; 5 Hiç memnun değil,b12_10,1 Çok memnun; 2 Memnun; 3 Orta; 4 Memnun değil; 5 Hiç memnun değil,OLCEK_MEMNUNIYET_KISISEL_BKM,1 Çok memnun; 2 Memnun; 3 Orta; 4 Memnun değil; 5 Hiç memnun değil,OLCEK_MEMNUNIYET_KISISEL_BKM,1 Çok memnun; 2 Memnun; 3 Orta; 4 Memnun değil; 5 Hiç memnun değil,OLCEK_MEMNUNIYET_KISISEL_BKM,1 Çok memnun; 2 Memnun; 3 Orta; 4 Memnun değil; 5 Hiç memnun değil
Good Governance,central_government,egovernment_services_satisfaction,OLCEK_MEMNUNIYET_ELKNIK_KAM,B16 Elektronik ortamda sunulan kamu hizmetlerinden memnuniyet derecenizi söyler misiniz?,b16,1 Çok memnun; 2 Memnun; 3 Orta; 4 Memnun değil; 5 Hiç memnun değil; 6 Fikri yok,b16,1 Çok memnun; 2 Memnun; 3 Orta; 4 Memnun değil; 5 Hiç memnun değil,OLCEK_MEMNUNIYET_ELKNIK_KAM,1 Çok memnun; 2 Memnun; 3 Orta; 4 Memnun değil; 5 Hiç memnun değil,OLCEK_MEMNUNIYET_ELKNIK_KAM,1 Çok memnun; 2 Memnun; 3 Orta; 4 Memnun değil; 5 Hiç memnun değil,OLCEK_MEMNUNIYET_ELKNIK_KAM,1 Çok memnun; 2 Memnun; 3 Orta; 4 Memnun değil; 5 Hiç memnun değil
Good Governance,central_government,judicial_services_satisfaction,OLCEK_MEMNUNIYET_ADLI,B14.3 Adli hizmetlerden memnun musunuz?,b14_3,1 Çok memnun; 2 Memnun; 3 Orta; 4 Memnun değil; 5 Hiç memnun değil; 6 Fikri yok,b14_3,1 Çok memnun; 2 Memnun; 3 Orta; 4 Memnun değil; 5 Hiç memnun değil; 6 Fikri yok,OLCEK_MEMNUNIYET_ADLI,1 Çok memnun; 2 Memnun; 3 Orta; 4 Memnun değil; 5 Hiç memnun değil; 6 Fikri yok,OLCEK_MEMNUNIYET_ADLI,1 Çok memnun; 2 Memnun; 3 Orta; 4 Memnun değil; 5 Hiç memnun değil; 6 Fikri yok,OLCEK_MEMNUNIYET_ADLI,1 Çok memnun; 2 Memnun; 3 Orta; 4 Memnun değil; 5 Hiç memnun değil; 6 Fikri yok
Good Governance,central_government,medical_examination_satisfaction,MEMNUNIYET_MUAYENE,"B30.3 Sağlık hizmeti aldığınız kuruluşlarla ilgili, yapılan muayeneden memnun musunuz?",b30_3,1 Evet; 2 Hayır; 3 Fikrim yok,b30_3,1 Evet; 2 Hayır; 3 Fikri yok,MEMNUNIYET_MUAYENE,1 Evet; 2 Hayır; 3 Fikri yok,MEMNUNIYET_MUAYENE,1 Evet; 2 Hayır; 3 Fikri yok,MEMNUNIYET_MUAYENE,1 Evet; 2 Hayır; 3 Fikri yok
Good Governance,central_government,public_education_services_satisfaction,OLCEK_MEMNUNIYET_EGITI,B14.4 Eğitim hizmetlerinden memnun musunuz?,b14_4,1 Çok memnun; 2 Memnun; 3 Orta; 4 Memnun değil; 5 Hiç memnun değil,b14_4,1 Çok memnun; 2 Memnun; 3 Orta; 4 Memnun değil; 5 Hiç memnun değil; 6 Fikri yok,OLCEK_MEMNUNIYET_EGITI,1 Çok memnun; 2 Memnun; 3 Orta; 4 Memnun değil; 5 Hiç memnun değil; 6 Fikri yok,OLCEK_MEMNUNIYET_EGITI,1 Çok memnun; 2 Memnun; 3 Orta; 4 Memnun değil; 5 Hiç memnun değil; 6 Fikri yok,OLCEK_MEMNUNIYET_EGITI,1 Çok memnun; 2 Memnun; 3 Orta; 4 Memnun değil; 5 Hiç memnun değil; 6 Fikri yok
Good Governance,central_government,public_health_services_satisfaction,OLCEK_MEMNUNIYET_GN_SAG,B14.1 Sağlık hizmetlerinden memnun musunuz?,b14_1,1 Çok memnun; 2 Memnun; 3 Orta; 4 Memnun değil; 5 Hiç memnun değil,b14_1,1 Çok memnun; 2 Memnun; 3 Orta; 4 Memnun değil; 5 Hiç memnun değil; 6 Fikri yok,OLCEK_MEMNUNIYET_GN_SAG,1 Çok memnun; 2 Memnun; 3 Orta; 4 Memnun değil; 5 Hiç memnun değil; 6 Fikri yok,OLCEK_MEMNUNIYET_GN_SAG,1 Çok memnun; 2 Memnun; 3 Orta; 4 Memnun değil; 5 Hiç memnun değil; 6 Fikri yok,OLCEK_MEMNUNIYET_GN_SAG,1 Çok memnun; 2 Memnun; 3 Orta; 4 Memnun değil; 5 Hiç memnun değil; 6 Fikri yok
Good Governance,central_government,public_security_services_satisfaction,OLCEK_MEMNUNIYET_ASAYIS,B14.2 Asayiş (güvenlik) hizmetlerinden memnun musunuz?,b14_2,1 Çok memnun; 2 Memnun; 3 Orta; 4 Memnun değil; 5 Hiç memnun değil,b14_2,1 Çok memnun; 2 Memnun; 3 Orta; 4 Memnun değil; 5 Hiç memnun değil; 6 Fikri yok,OLCEK_MEMNUNIYET_ASAYIS,1 Çok memnun; 2 Memnun; 3 Orta; 4 Memnun değil; 5 Hiç memnun değil; 6 Fikri yok,OLCEK_MEMNUNIYET_ASAYIS,1 Çok memnun; 2 Memnun; 3 Orta; 4 Memnun değil; 5 Hiç memnun değil; 6 Fikri yok,OLCEK_MEMNUNIYET_ASAYIS,1 Çok memnun; 2 Memnun; 3 Orta; 4 Memnun değil; 5 Hiç memnun değil; 6 Fikri yok
Good Governance,central_government,social_security_services_satisfaction,OLCEK_MEMNUNIYET_SGK,B14.5 Sosyal Güvenlik Kurumu'nun hizmetlerinden memnun musunuz?,b14_5,1 Çok memnun; 2 Memnun; 3 Orta; 4 Memnun değil; 5 Hiç memnun değil; 6 Fikri yok,b14_5,1 Çok memnun; 2 Memnun; 3 Orta; 4 Memnun değil; 5 Hiç memnun değil; 6 Fikri yok,OLCEK_MEMNUNIYET_SGK,1 Çok memnun; 2 Memnun; 3 Orta; 4 Memnun değil; 5 Hiç memnun değil; 6 Fikri yok,OLCEK_MEMNUNIYET_SGK,1 Çok memnun; 2 Memnun; 3 Orta; 4 Memnun değil; 5 Hiç memnun değil; 6 Fikri yok,OLCEK_MEMNUNIYET_SGK,1 Çok memnun; 2 Memnun; 3 Orta; 4 Memnun değil; 5 Hiç memnun değil; 6 Fikri yok
Good Governance,judicial_system_problems,case_resolution_time_problem,SORUN_DAVA,"B34.2 Genel olarak mahkeme ve adli sistem ile ilgili, davaların karara bağlanma süresinde sorun var mı?",b34_2,1 Sorun yok; 2 Az sorun var; 3 Çok sorun var; 4 Fikri yok,b34_2,1 Sorun yok; 2 Az sorun var; 3 Çok sorun var; 4 Fikri yok,SORUN_DAVA,1 Sorun yok; 2 Az sorun var; 3 Çok sorun var; 4 Fikri yok,SORUN_DAVA,1 Sorun yok; 2 Az sorun var; 3 Çok sorun var; 4 Fikri yok,SORUN_DAVA,1 Sorun yok; 2 Az sorun var; 3 Çok sorun var; 4 Fikri yok
Good Governance,judicial_system_problems,court_procedure_problem,SORUN_MAH,"B34.1 Genel olarak mahkeme ve adli sistem ile ilgili, mahkemelerdeki işlemlerde sorun var mı?",b34_1,1 Sorun yok; 2 Az sorun var; 3 Çok sorun var; 4 Fikri yok,b34_1,1 Sorun yok; 2 Az sorun var; 3 Çok sorun var; 4 Fikri yok,SORUN_MAH,1 Sorun yok; 2 Az sorun var; 3 Çok sorun var; 4 Fikri yok,SORUN_MAH,1 Sorun yok; 2 Az sorun var; 3 Çok sorun var; 4 Fikri yok,SORUN_MAH,1 Sorun yok; 2 Az sorun var; 3 Çok sorun var; 4 Fikri yok
Good Governance,judicial_system_problems,judicial_fairness_problem,SORUN_YASA,"B34.3 Genel olarak mahkeme ve adli sistem ile ilgili, yasaların herkese adil ve tarafsız uygulanmasında sorun var mı?",b34_3,1 Sorun yok; 2 Az sorun var; 3 Çok sorun var; 4 Fikri yok,b34_3,1 Sorun yok; 2 Az sorun var; 3 Çok sorun var; 4 Fikri yok,SORUN_YASA,1 Sorun yok; 2 Az sorun var; 3 Çok sorun var; 4 Fikri yok,SORUN_YASA,1 Sorun yok; 2 Az sorun var; 3 Çok sorun var; 4 Fikri yok,SORUN_YASA,1 Sorun yok; 2 Az sorun var; 3 Çok sorun var; 4 Fikri yok
Good Governance,judicial_system_problems,lawyer_service_quality_problem,SORUN_AVUKAT,"B34.4 Genel olarak mahkeme ve adli sistem ile ilgili, avukatlık hizmetlerinin kalitesinde sorun var mı?",b34_4,1 Sorun yok; 2 Az sorun var; 3 Çok sorun var; 4 Fikri yok,b34_4,1 Sorun yok; 2 Az sorun var; 3 Çok sorun var; 4 Fikri yok,SORUN_AVUKAT,1 Sorun yok; 2 Az sorun var; 3 Çok sorun var; 4 Fikri yok,SORUN_AVUKAT,1 Sorun yok; 2 Az sorun var; 3 Çok sorun var; 4 Fikri yok,SORUN_AVUKAT,1 Sorun yok; 2 Az sorun var; 3 Çok sorun var; 4 Fikri yok
Good Governance,judicial_system_problems,trial_process_problem,SORUN_MAHSUREC,B36 Mahkeme sürecinde herhangi bir sorun yaşadınız mı?,b36,1 Evet; 2 Hayır,b36,1 Evet; 2 Hayır,SORUN_MAHSUREC,1 Evet; 2 Hayır,SORUN_MAHSUREC,1 Evet; 2 Hayır,SORUN_MAHSUREC,1 Evet; 2 Hayır
Good Governance,local_governance,municipal_cleaning_services_satisfaction (belediye),MEMNUNIYET_TEMIZLIK,B18.16 Belediyenin temizlik hizmetlerinden memnuniyet durumunuzu söyler misiniz?,b18_16,1 Çok memnun; 2 Memnun; 3 Orta; 4 Memnun değil; 5 Hiç memnun değil; 6 Fikri yok; 7 Hizmeti yok,b18_16,1 Çok memnun; 2 Memnun; 3 Orta; 4 Memnun değil; 5 Hiç memnun değil; 6 Fikri yok; 7 Hizmeti yok,MEMNUNIYET_TEMIZLIK,1 Çok memnun; 2 Memnun; 3 Orta; 4 Memnun değil; 5 Hiç memnun değil; 6 Fikri yok; 7 Hizmeti yok,MEMNUNIYET_TEMIZLIK,1 Çok memnun; 2 Memnun; 3 Orta; 4 Memnun değil; 5 Hiç memnun değil; 6 Fikri yok; 7 Hizmeti yok,MEMNUNIYET_TEMIZLIK,1 Çok memnun; 2 Memnun; 3 Orta; 4 Memnun değil; 5 Hiç memnun değil; 6 Fikri yok; 7 Hizmeti yok
Good Governance,local_governance,municipal_cleaning_services_satisfaction (il ozel idare),MEMNUNIYET_IL_TEMIZLIK,"B19.10 İl özel idarenin, temizlik hizmetlerinden memnun musunuz?",b19_10,1 Çok memnun; 2 Memnun; 3 Orta; 4 Memnun değil; 5 Hiç memnun değil; 6 Fikri yok; 7 Hizmeti yok,b19_10,1 Çok memnun; 2 Memnun; 3 Orta; 4 Memnun değil; 5 Hiç memnun değil; 6 Fikri yok; 7 Hizmeti yok,MEMNUNIYET_IL_TEMIZLIK,1 Çok memnun; 2 Memnun; 3 Orta; 4 Memnun değil; 5 Hiç memnun değil; 6 Fikri yok; 7 Hizmeti yok,MEMNUNIYET_IL_TEMIZLIK,1 Çok memnun; 2 Memnun; 3 Orta; 4 Memnun değil; 5 Hiç memnun değil; 6 Fikri yok; 7 Hizmeti yok,MEMNUNIYET_IL_TEMIZLIK,1 Çok memnun; 2 Memnun; 3 Orta; 4 Memnun değil; 5 Hiç memnun değil; 6 Fikri yok; 7 Hizmeti yok
Good Governance,local_governance,municipal_cultural_events_satisfaction (belediye),MEMNUNIYET_SERGI_FEST,"B18.13 Belediyenin sergi, festival, kermes,konser faaliyetlerinden memnuniyet durumunuzu söyler misiniz?",b18_13,1 Çok memnun; 2 Memnun; 3 Orta; 4 Memnun değil; 5 Hiç memnun değil; 6 Fikri yok; 7 Hizmeti yok,b18_13,1 Çok memnun; 2 Memnun; 3 Orta; 4 Memnun değil; 5 Hiç memnun değil; 6 Fikri yok; 7 Hizmeti yok,MEMNUNIYET_SERGI_FEST,1 Çok memnun; 2 Memnun; 3 Orta; 4 Memnun değil; 5 Hiç memnun değil; 6 Fikri yok; 7 Hizmeti yok,MEMNUNIYET_SERGI_FEST,1 Çok memnun; 2 Memnun; 3 Orta; 4 Memnun değil; 5 Hiç memnun değil; 6 Fikri yok; 7 Hizmeti yok,MEMNUNIYET_SERGI_FEST,1 Çok memnun; 2 Memnun; 3 Orta; 4 Memnun değil; 5 Hiç memnun değil; 6 Fikri yok; 7 Hizmeti yok
Good Governance,local_governance,municipal_cultural_events_satisfaction (il ozel idare),MEMNUNIYET_IL_SERGI,"B19.7 İl özel idarenin, sergi, festival, kermes,konser faaliyetlerinden memnun musunuz?",b19_7,1 Çok memnun; 2 Memnun; 3 Orta; 4 Memnun değil; 5 Hiç memnun değil; 6 Fikri yok; 7 Hizmeti yok,b19_7,1 Çok memnun; 2 Memnun; 3 Orta; 4 Memnun değil; 5 Hiç memnun değil; 6 Fikri yok; 7 Hizmeti yok,MEMNUNIYET_IL_SERGI,1 Çok memnun; 2 Memnun; 3 Orta; 4 Memnun değil; 5 Hiç memnun değil; 6 Fikri yok; 7 Hizmeti yok,MEMNUNIYET_IL_SERGI,1 Çok memnun; 2 Memnun; 3 Orta; 4 Memnun değil; 5 Hiç memnun değil; 6 Fikri yok; 7 Hizmeti yok,MEMNUNIYET_IL_SERGI,1 Çok memnun; 2 Memnun; 3 Orta; 4 Memnun değil; 5 Hiç memnun değil; 6 Fikri yok; 7 Hizmeti yok
Good Governance,local_governance,municipal_disability_services_satisfaction (belediye),MEMNUNIYET_ENGELLI,B18.11 Belediyenin engellilere yönelik düzenlemelerden memnuniyet durumunuzu söyler misiniz?,b18_11,1 Çok memnun; 2 Memnun; 3 Orta; 4 Memnun değil; 5 Hiç memnun değil; 6 Fikri yok; 7 Hizmeti yok,b18_11,1 Çok memnun; 2 Memnun; 3 Orta; 4 Memnun değil; 5 Hiç memnun değil; 6 Fikri yok; 7 Hizmeti yok,MEMNUNIYET_ENGELLI,1 Çok memnun; 2 Memnun; 3 Orta; 4 Memnun değil; 5 Hiç memnun değil; 6 Fikri yok; 7 Hizmeti yok,MEMNUNIYET_ENGELLI,1 Çok memnun; 2 Memnun; 3 Orta; 4 Memnun değil; 5 Hiç memnun değil; 6 Fikri yok; 7 Hizmeti yok,MEMNUNIYET_ENGELLI,1 Çok memnun; 2 Memnun; 3 Orta; 4 Memnun değil; 5 Hiç memnun değil; 6 Fikri yok; 7 Hizmeti yok
Good Governance,local_governance,municipal_disability_services_satisfaction (il ozel idare),MEMNUNIYET_IL_ENGEL,"B19.5 İl özel idarenin, engellilere yönelik düzenlemelerden memnun musunuz?",b19_5,1 Çok memnun; 2 Memnun; 3 Orta; 4 Memnun değil; 5 Hiç memnun değil; 6 Fikri yok; 7 Hizmeti yok,b19_5,1 Çok memnun; 2 Memnun; 3 Orta; 4 Memnun değil; 5 Hiç memnun değil; 6 Fikri yok; 7 Hizmeti yok,MEMNUNIYET_IL_ENGEL,1 Çok memnun; 2 Memnun; 3 Orta; 4 Memnun değil; 5 Hiç memnun değil; 6 Fikri yok; 7 Hizmeti yok,MEMNUNIYET_IL_ENGEL,1 Çok memnun; 2 Memnun; 3 Orta; 4 Memnun değil; 5 Hiç memnun değil; 6 Fikri yok; 7 Hizmeti yok,MEMNUNIYET_IL_ENGEL,1 Çok memnun; 2 Memnun; 3 Orta; 4 Memnun değil; 5 Hiç memnun değil; 6 Fikri yok; 7 Hizmeti yok
Good Governance,local_governance,municipal_fire_department_satisfaction (belediye only),MEMNUNIYET_ITFAIYE,B18.17 Belediyenin itfaiye hizmetlerinden memnuniyet durumunuzu söyler misiniz?,b18_17,1 Çok memnun; 2 Memnun; 3 Orta; 4 Memnun değil; 5 Hiç memnun değil; 6 Fikri yok; 7 Hizmeti yok,b18_17,1 Çok memnun; 2 Memnun; 3 Orta; 4 Memnun değil; 5 Hiç memnun değil; 6 Fikri yok; 7 Hizmeti yok,MEMNUNIYET_ITFAIYE,1 Çok memnun; 2 Memnun; 3 Orta; 4 Memnun değil; 5 Hiç memnun değil; 6 Fikri yok; 7 Hizmeti yok,MEMNUNIYET_ITFAIYE,1 Çok memnun; 2 Memnun; 3 Orta; 4 Memnun değil; 5 Hiç memnun değil; 6 Fikri yok; 7 Hizmeti yok,MEMNUNIYET_ITFAIYE,1 Çok memnun; 2 Memnun; 3 Orta; 4 Memnun değil; 5 Hiç memnun değil; 6 Fikri yok; 7 Hizmeti yok
Good Governance,local_governance,municipal_food_facility_inspection_satisfaction (belediye only),MEMNUNIYET_GIDA_TESIS,B18.20 Belediyenin gıda üreten tesislerin denetimi hizmetlerinden memnuniyet durumunuzu söyler misiniz?,b18_20,1 Çok memnun; 2 Memnun; 3 Orta; 4 Memnun değil; 5 Hiç memnun değil; 6 Fikri yok; 7 Hizmeti yok,b18_20,1 Çok memnun; 2 Memnun; 3 Orta; 4 Memnun değil; 5 Hiç memnun değil; 6 Fikri yok; 7 Hizmeti yok,MEMNUNIYET_GIDA_TESIS,1 Çok memnun; 2 Memnun; 3 Orta; 4 Memnun değil; 5 Hiç memnun değil; 6 Fikri yok; 7 Hizmeti yok,MEMNUNIYET_GIDA_TESIS,1 Çok memnun; 2 Memnun; 3 Orta; 4 Memnun değil; 5 Hiç memnun değil; 6 Fikri yok; 7 Hizmeti yok,MEMNUNIYET_GIDA_TESIS,1 Çok memnun; 2 Memnun; 3 Orta; 4 Memnun değil; 5 Hiç memnun değil; 6 Fikri yok; 7 Hizmeti yok
Good Governance,local_governance,municipal_funeral_services_satisfaction (belediye only),MEMNUNIYET_CENAZE,B18.18 Belediyenin cenaze hizmetlerinden memnuniyet durumunuzu söyler misiniz?,b18_18,1 Çok memnun; 2 Memnun; 3 Orta; 4 Memnun değil; 5 Hiç memnun değil; 6 Fikri yok; 7 Hizmeti yok,b18_18,1 Çok memnun; 2 Memnun; 3 Orta; 4 Memnun değil; 5 Hiç memnun değil; 6 Fikri yok; 7 Hizmeti yok,MEMNUNIYET_CENAZE,1 Çok memnun; 2 Memnun; 3 Orta; 4 Memnun değil; 5 Hiç memnun değil; 6 Fikri yok; 7 Hizmeti yok,MEMNUNIYET_CENAZE,1 Çok memnun; 2 Memnun; 3 Orta; 4 Memnun değil; 5 Hiç memnun değil; 6 Fikri yok; 7 Hizmeti yok,MEMNUNIYET_CENAZE,1 Çok memnun; 2 Memnun; 3 Orta; 4 Memnun değil; 5 Hiç memnun değil; 6 Fikri yok; 7 Hizmeti yok
Good Governance,local_governance,municipal_health_sports_facility_satisfaction (belediye only),MEMNUNIYET_SPOR_MRK,"B18.9 Belediyenin sağlık, spor merkezi olanaklarından memnuniyet durumunuzu söyler misiniz?",b18_9,1 Çok memnun; 2 Memnun; 3 Orta; 4 Memnun değil; 5 Hiç memnun değil; 6 Fikri yok; 7 Hizmeti yok,b18_9,1 Çok memnun; 2 Memnun; 3 Orta; 4 Memnun değil; 5 Hiç memnun değil; 6 Fikri yok; 7 Hizmeti yok,MEMNUNIYET_SPOR_MRK,1 Çok memnun; 2 Memnun; 3 Orta; 4 Memnun değil; 5 Hiç memnun değil; 6 Fikri yok; 7 Hizmeti yok,MEMNUNIYET_SPOR_MRK,1 Çok memnun; 2 Memnun; 3 Orta; 4 Memnun değil; 5 Hiç memnun değil; 6 Fikri yok; 7 Hizmeti yok,MEMNUNIYET_SPOR_MRK,1 Çok memnun; 2 Memnun; 3 Orta; 4 Memnun değil; 5 Hiç memnun değil; 6 Fikri yok; 7 Hizmeti yok
Good Governance,local_governance,municipal_police_satisfaction (belediye only),MEMNUNIYET_ZABITA,B18.5 Belediyenin zabıta hizmetlerinden memnuniyet durumunuzu söyler misiniz?,b18_5,1 Çok memnun; 2 Memnun; 3 Orta; 4 Memnun değil; 5 Hiç memnun değil; 6 Fikri yok; 7 Hizmeti yok,b18_5,1 Çok memnun; 2 Memnun; 3 Orta; 4 Memnun değil; 5 Hiç memnun değil; 6 Fikri yok; 7 Hizmeti yok,MEMNUNIYET_ZABITA,1 Çok memnun; 2 Memnun; 3 Orta; 4 Memnun değil; 5 Hiç memnun değil; 6 Fikri yok; 7 Hizmeti yok,MEMNUNIYET_ZABITA,1 Çok memnun; 2 Memnun; 3 Orta; 4 Memnun değil; 5 Hiç memnun değil; 6 Fikri yok; 7 Hizmeti yok,MEMNUNIYET_ZABITA,1 Çok memnun; 2 Memnun; 3 Orta; 4 Memnun değil; 5 Hiç memnun değil; 6 Fikri yok; 7 Hizmeti yok
Good Governance,local_governance,municipal_public_transport_satisfaction (belediye only),MEMNUNIYET_TASIMA,B18.4 Belediyenin toplu taşıma hizmetlerinden memnuniyet durumunuzu söyler misiniz?,b18_4,1 Çok memnun; 2 Memnun; 3 Orta; 4 Memnun değil; 5 Hiç memnun değil; 6 Fikri yok; 7 Hizmeti yok,b18_4,1 Çok memnun; 2 Memnun; 3 Orta; 4 Memnun değil; 5 Hiç memnun değil; 6 Fikri yok; 7 Hizmeti yok,MEMNUNIYET_TASIMA,1 Çok memnun; 2 Memnun; 3 Orta; 4 Memnun değil; 5 Hiç memnun değil; 6 Fikri yok; 7 Hizmeti yok,MEMNUNIYET_TASIMA,1 Çok memnun; 2 Memnun; 3 Orta; 4 Memnun değil; 5 Hiç memnun değil; 6 Fikri yok; 7 Hizmeti yok,MEMNUNIYET_TASIMA,1 Çok memnun; 2 Memnun; 3 Orta; 4 Memnun değil; 5 Hiç memnun değil; 6 Fikri yok; 7 Hizmeti yok
Good Governance,local_governance,municipal_road_satisfaction (belediye),MEMNUNIYET_YOL,B18.6 Belediyenin yol/kaldırım yapımı hizmetlerinden memnuniyet durumunuzu söyler misiniz?,b18_6,1 Çok memnun; 2 Memnun; 3 Orta; 4 Memnun değil; 5 Hiç memnun değil; 6 Fikri yok; 7 Hizmeti yok,b18_6,1 Çok memnun; 2 Memnun; 3 Orta; 4 Memnun değil; 5 Hiç memnun değil; 6 Fikri yok; 7 Hizmeti yok,MEMNUNIYET_YOL,1 Çok memnun; 2 Memnun; 3 Orta; 4 Memnun değil; 5 Hiç memnun değil; 6 Fikri yok; 7 Hizmeti yok,MEMNUNIYET_YOL,1 Çok memnun; 2 Memnun; 3 Orta; 4 Memnun değil; 5 Hiç memnun değil; 6 Fikri yok; 7 Hizmeti yok,MEMNUNIYET_YOL,1 Çok memnun; 2 Memnun; 3 Orta; 4 Memnun değil; 5 Hiç memnun değil; 6 Fikri yok; 7 Hizmeti yok
Good Governance,local_governance,municipal_road_satisfaction (il ozel idare),MEMNUNIYET_IL_YOL,"B19.3 İl özel idarenin, yol yapımı hizmetlerinden memnun musunuz?",b19_3,1 Çok memnun; 2 Memnun; 3 Orta; 4 Memnun değil; 5 Hiç memnun değil; 6 Fikri yok; 7 Hizmeti yok,b19_3,1 Çok memnun; 2 Memnun; 3 Orta; 4 Memnun değil; 5 Hiç memnun değil; 6 Fikri yok; 7 Hizmeti yok,MEMNUNIYET_IL_YOL,1 Çok memnun; 2 Memnun; 3 Orta; 4 Memnun değil; 5 Hiç memnun değil; 6 Fikri yok; 7 Hizmeti yok,MEMNUNIYET_IL_YOL,1 Çok memnun; 2 Memnun; 3 Orta; 4 Memnun değil; 5 Hiç memnun değil; 6 Fikri yok; 7 Hizmeti yok,MEMNUNIYET_IL_YOL,1 Çok memnun; 2 Memnun; 3 Orta; 4 Memnun değil; 5 Hiç memnun değil; 6 Fikri yok; 7 Hizmeti yok
Good Governance,local_governance,municipal_sewage_satisfaction (belediye),MEMNUNIYET_KAN,B18.2 Belediyenin kanalizasyon hizmetinden memnuniyet durumunuzu söyler misiniz?,b18_2,1 Çok memnun; 2 Memnun; 3 Orta; 4 Memnun değil; 5 Hiç memnun değil; 6 Fikri yok; 7 Hizmeti yok,b18_2,1 Çok memnun; 2 Memnun; 3 Orta; 4 Memnun değil; 5 Hiç memnun değil; 6 Fikri yok; 7 Hizmeti yok,MEMNUNIYET_KAN,1 Çok memnun; 2 Memnun; 3 Orta; 4 Memnun değil; 5 Hiç memnun değil; 6 Fikri yok; 7 Hizmeti yok,MEMNUNIYET_KAN,1 Çok memnun; 2 Memnun; 3 Orta; 4 Memnun değil; 5 Hiç memnun değil; 6 Fikri yok; 7 Hizmeti yok,MEMNUNIYET_KAN,1 Çok memnun; 2 Memnun; 3 Orta; 4 Memnun değil; 5 Hiç memnun değil; 6 Fikri yok; 7 Hizmeti yok
Good Governance,local_governance,municipal_sewage_satisfaction (il ozel idare),MEMNUNIYET_IL_KANAL,"B19.1 İl özel idarenin, kanalizasyon hizmetinden memnun musunuz?",b19_1,1 Çok memnun; 2 Memnun; 3 Orta; 4 Memnun değil; 5 Hiç memnun değil; 6 Fikri yok; 7 Hizmeti yok,b19_1,1 Çok memnun; 2 Memnun; 3 Orta; 4 Memnun değil; 5 Hiç memnun değil; 6 Fikri yok; 7 Hizmeti yok,MEMNUNIYET_IL_KANAL,1 Çok memnun; 2 Memnun; 3 Orta; 4 Memnun değil; 5 Hiç memnun değil; 6 Fikri yok; 7 Hizmeti yok,MEMNUNIYET_IL_KANAL,1 Çok memnun; 2 Memnun; 3 Orta; 4 Memnun değil; 5 Hiç memnun değil; 6 Fikri yok; 7 Hizmeti yok,MEMNUNIYET_IL_KANAL,1 Çok memnun; 2 Memnun; 3 Orta; 4 Memnun değil; 5 Hiç memnun değil; 6 Fikri yok; 7 Hizmeti yok
Good Governance,local_governance,municipal_social_assistance_satisfaction (belediye),MEMNUNIYET_YARDIM,B18.12 Belediyenin hasta ve yoksullara yardımlarından memnuniyet durumunuzu söyler misiniz?,b18_12,1 Çok memnun; 2 Memnun; 3 Orta; 4 Memnun değil; 5 Hiç memnun değil; 6 Fikri yok; 7 Hizmeti yok,b18_12,1 Çok memnun; 2 Memnun; 3 Orta; 4 Memnun değil; 5 Hiç memnun değil; 6 Fikri yok; 7 Hizmeti yok,MEMNUNIYET_YARDIM,1 Çok memnun; 2 Memnun; 3 Orta; 4 Memnun değil; 5 Hiç memnun değil; 6 Fikri yok; 7 Hizmeti yok,MEMNUNIYET_YARDIM,1 Çok memnun; 2 Memnun; 3 Orta; 4 Memnun değil; 5 Hiç memnun değil; 6 Fikri yok; 7 Hizmeti yok,MEMNUNIYET_YARDIM,1 Çok memnun; 2 Memnun; 3 Orta; 4 Memnun değil; 5 Hiç memnun değil; 6 Fikri yok; 7 Hizmeti yok
Good Governance,local_governance,municipal_social_assistance_satisfaction (il ozel idare),MEMNUNIYET_IL_HASTA,"B19.6 İl özel idarenin, hasta ve yoksullara yardımlarından memnun musunuz?",b19_6,1 Çok memnun; 2 Memnun; 3 Orta; 4 Memnun değil; 5 Hiç memnun değil; 6 Fikri yok; 7 Hizmeti yok,b19_6,1 Çok memnun; 2 Memnun; 3 Orta; 4 Memnun değil; 5 Hiç memnun değil; 6 Fikri yok; 7 Hizmeti yok,MEMNUNIYET_IL_HASTA,1 Çok memnun; 2 Memnun; 3 Orta; 4 Memnun değil; 5 Hiç memnun değil; 6 Fikri yok; 7 Hizmeti yok,MEMNUNIYET_IL_HASTA,1 Çok memnun; 2 Memnun; 3 Orta; 4 Memnun değil; 5 Hiç memnun değil; 6 Fikri yok; 7 Hizmeti yok,MEMNUNIYET_IL_HASTA,1 Çok memnun; 2 Memnun; 3 Orta; 4 Memnun değil; 5 Hiç memnun değil; 6 Fikri yok; 7 Hizmeti yok
Good Governance,local_governance,municipal_street_lighting_satisfaction (belediye),MEMNUNIYET_ISIK,B18.15 Belediyenin ışıklandırma hizmetlerinden memnuniyet durumunuzu söyler misiniz?,b18_15,1 Çok memnun; 2 Memnun; 3 Orta; 4 Memnun değil; 5 Hiç memnun değil; 6 Fikri yok; 7 Hizmeti yok,b18_15,1 Çok memnun; 2 Memnun; 3 Orta; 4 Memnun değil; 5 Hiç memnun değil; 6 Fikri yok; 7 Hizmeti yok,MEMNUNIYET_ISIK,1 Çok memnun; 2 Memnun; 3 Orta; 4 Memnun değil; 5 Hiç memnun değil; 6 Fikri yok; 7 Hizmeti yok,MEMNUNIYET_ISIK,1 Çok memnun; 2 Memnun; 3 Orta; 4 Memnun değil; 5 Hiç memnun değil; 6 Fikri yok; 7 Hizmeti yok,MEMNUNIYET_ISIK,1 Çok memnun; 2 Memnun; 3 Orta; 4 Memnun değil; 5 Hiç memnun değil; 6 Fikri yok; 7 Hizmeti yok
Good Governance,local_governance,municipal_street_lighting_satisfaction (il ozel idare),MEMNUNIYET_IL_ISIK,"B19.9 İl özel idarenin, ışıklandırma hizmetlerinden memnun musunuz?",b19_9,1 Çok memnun; 2 Memnun; 3 Orta; 4 Memnun değil; 5 Hiç memnun değil; 6 Fikri yok; 7 Hizmeti yok,b19_9,1 Çok memnun; 2 Memnun; 3 Orta; 4 Memnun değil; 5 Hiç memnun değil; 6 Fikri yok; 7 Hizmeti yok,MEMNUNIYET_IL_ISIK,1 Çok memnun; 2 Memnun; 3 Orta; 4 Memnun değil; 5 Hiç memnun değil; 6 Fikri yok; 7 Hizmeti yok,MEMNUNIYET_IL_ISIK,1 Çok memnun; 2 Memnun; 3 Orta; 4 Memnun değil; 5 Hiç memnun değil; 6 Fikri yok; 7 Hizmeti yok,MEMNUNIYET_IL_ISIK,1 Çok memnun; 2 Memnun; 3 Orta; 4 Memnun değil; 5 Hiç memnun değil; 6 Fikri yok; 7 Hizmeti yok
Good Governance,local_governance,municipal_street_signage_satisfaction (belediye),MEMNUNIYET_LEVHA,B18.19 Belediyenin sokak levhaları ve dış kapı numaralandırma hizmetinden memnuniyet durumunuzu söyler misiniz?,b18_19,1 Çok memnun; 2 Memnun; 3 Orta; 4 Memnun değil; 5 Hiç memnun değil; 6 Fikri yok; 7 Hizmeti yok,b18_19,1 Çok memnun; 2 Memnun; 3 Orta; 4 Memnun değil; 5 Hiç memnun değil; 6 Fikri yok; 7 Hizmeti yok,MEMNUNIYET_LEVHA,1 Çok memnun; 2 Memnun; 3 Orta; 4 Memnun değil; 5 Hiç memnun değil; 6 Fikri yok; 7 Hizmeti yok,MEMNUNIYET_LEVHA,1 Çok memnun; 2 Memnun; 3 Orta; 4 Memnun değil; 5 Hiç memnun değil; 6 Fikri yok; 7 Hizmeti yok,MEMNUNIYET_LEVHA,1 Çok memnun; 2 Memnun; 3 Orta; 4 Memnun değil; 5 Hiç memnun değil; 6 Fikri yok; 7 Hizmeti yok
Good Governance,local_governance,municipal_street_signage_satisfaction (il ozel idare),MEMNUNIYET_IL_LEVHA,"B19.11 İl özel idarenin, sokak levhaları ve dış kapı numaralandırma hizmetlerindenmemnun  musunuz?",b19_11,1 Çok memnun; 2 Memnun; 3 Orta; 4 Memnun değil; 5 Hiç memnun değil; 6 Fikri yok; 7 Hizmeti yok,b19_11,1 Çok memnun; 2 Memnun; 3 Orta; 4 Memnun değil; 5 Hiç memnun değil; 6 Fikri yok; 7 Hizmeti yok,MEMNUNIYET_IL_LEVHA,1 Çok memnun; 2 Memnun; 3 Orta; 4 Memnun değil; 5 Hiç memnun değil; 6 Fikri yok; 7 Hizmeti yok,MEMNUNIYET_IL_LEVHA,1 Çok memnun; 2 Memnun; 3 Orta; 4 Memnun değil; 5 Hiç memnun değil; 6 Fikri yok; 7 Hizmeti yok,MEMNUNIYET_IL_LEVHA,1 Çok memnun; 2 Memnun; 3 Orta; 4 Memnun değil; 5 Hiç memnun değil; 6 Fikri yok; 7 Hizmeti yok
Good Governance,local_governance,municipal_vocational_courses_satisfaction (belediye),MEMNUNIYET_KURS,B18.14 Belediyenin meslek edindirme/el becerisi geliştirme kurslarından memnuniyet durumunuzu söyler misiniz?,b18_14,1 Çok memnun; 2 Memnun; 3 Orta; 4 Memnun değil; 5 Hiç memnun değil; 6 Fikri yok; 7 Hizmeti yok,b18_14,1 Çok memnun; 2 Memnun; 3 Orta; 4 Memnun değil; 5 Hiç memnun değil; 6 Fikri yok; 7 Hizmeti yok,MEMNUNIYET_KURS,1 Çok memnun; 2 Memnun; 3 Orta; 4 Memnun değil; 5 Hiç memnun değil; 6 Fikri yok; 7 Hizmeti yok,MEMNUNIYET_KURS,1 Çok memnun; 2 Memnun; 3 Orta; 4 Memnun değil; 5 Hiç memnun değil; 6 Fikri yok; 7 Hizmeti yok,MEMNUNIYET_KURS,1 Çok memnun; 2 Memnun; 3 Orta; 4 Memnun değil; 5 Hiç memnun değil; 6 Fikri yok; 7 Hizmeti yok
Good Governance,local_governance,municipal_vocational_courses_satisfaction (il ozel idare),MEMNUNIYET_IL_KURS,"B19.8 İl özel idarenin, meslek edindirme/el becerisi geliştirme kurslarından memnun musunuz?",b19_8,1 Çok memnun; 2 Memnun; 3 Orta; 4 Memnun değil; 5 Hiç memnun değil; 6 Fikri yok; 7 Hizmeti yok,b19_8,1 Çok memnun; 2 Memnun; 3 Orta; 4 Memnun değil; 5 Hiç memnun değil; 6 Fikri yok; 7 Hizmeti yok,MEMNUNIYET_IL_KURS,1 Çok memnun; 2 Memnun; 3 Orta; 4 Memnun değil; 5 Hiç memnun değil; 6 Fikri yok; 7 Hizmeti yok,MEMNUNIYET_IL_KURS,1 Çok memnun; 2 Memnun; 3 Orta; 4 Memnun değil; 5 Hiç memnun değil; 6 Fikri yok; 7 Hizmeti yok,MEMNUNIYET_IL_KURS,1 Çok memnun; 2 Memnun; 3 Orta; 4 Memnun değil; 5 Hiç memnun değil; 6 Fikri yok; 7 Hizmeti yok
Good Governance,local_governance,municipal_waste_collection_satisfaction (belediye only),MEMNUNIYET_COP,B18.1 Belediyenin çöp ve çevresel atık toplama hizmetinden memnuniyet durumunuzu söyler misiniz?,b18_1,1 Çok memnun; 2 Memnun; 3 Orta; 4 Memnun değil; 5 Hiç memnun değil; 6 Fikri yok; 7 Hizmeti yok,b18_1,1 Çok memnun; 2 Memnun; 3 Orta; 4 Memnun değil; 5 Hiç memnun değil; 6 Fikri yok; 7 Hizmeti yok,MEMNUNIYET_COP,1 Çok memnun; 2 Memnun; 3 Orta; 4 Memnun değil; 5 Hiç memnun değil; 6 Fikri yok; 7 Hizmeti yok,MEMNUNIYET_COP,1 Çok memnun; 2 Memnun; 3 Orta; 4 Memnun değil; 5 Hiç memnun değil; 6 Fikri yok; 7 Hizmeti yok,MEMNUNIYET_COP,1 Çok memnun; 2 Memnun; 3 Orta; 4 Memnun değil; 5 Hiç memnun değil; 6 Fikri yok; 7 Hizmeti yok
Good Governance,local_governance,municipal_water_supply_satisfaction (belediye),MEMNUNIYET_SU,B18.3 Belediyenin şebeke suyu hizmetlerinden memnuniyet durumunuzu söyler misiniz?,b18_3,1 Çok memnun; 2 Memnun; 3 Orta; 4 Memnun değil; 5 Hiç memnun değil; 6 Fikri yok; 7 Hizmeti yok,b18_3,1 Çok memnun; 2 Memnun; 3 Orta; 4 Memnun değil; 5 Hiç memnun değil; 6 Fikri yok; 7 Hizmeti yok,MEMNUNIYET_SU,1 Çok memnun; 2 Memnun; 3 Orta; 4 Memnun değil; 5 Hiç memnun değil; 6 Fikri yok; 7 Hizmeti yok,MEMNUNIYET_SU,1 Çok memnun; 2 Memnun; 3 Orta; 4 Memnun değil; 5 Hiç memnun değil; 6 Fikri yok; 7 Hizmeti yok,MEMNUNIYET_SU,1 Çok memnun; 2 Memnun; 3 Orta; 4 Memnun değil; 5 Hiç memnun değil; 6 Fikri yok; 7 Hizmeti yok
Good Governance,local_governance,municipal_water_supply_satisfaction (il ozel idare),MEMNUNIYET_IL_SU,"B19.2 İl özel idarenin, şebeke suyu hizmetlerinden memnun musunuz?",b19_2,1 Çok memnun; 2 Memnun; 3 Orta; 4 Memnun değil; 5 Hiç memnun değil; 6 Fikri yok; 7 Hizmeti yok,b19_2,1 Çok memnun; 2 Memnun; 3 Orta; 4 Memnun değil; 5 Hiç memnun değil; 6 Fikri yok; 7 Hizmeti yok,MEMNUNIYET_IL_SU,1 Çok memnun; 2 Memnun; 3 Orta; 4 Memnun değil; 5 Hiç memnun değil; 6 Fikri yok; 7 Hizmeti yok,MEMNUNIYET_IL_SU,1 Çok memnun; 2 Memnun; 3 Orta; 4 Memnun değil; 5 Hiç memnun değil; 6 Fikri yok; 7 Hizmeti yok,MEMNUNIYET_IL_SU,1 Çok memnun; 2 Memnun; 3 Orta; 4 Memnun değil; 5 Hiç memnun değil; 6 Fikri yok; 7 Hizmeti yok
Good Governance,local_governance,municipal_zoning_permit_satisfaction (belediye),MEMNUNIYET_IMAR,B18.10 Belediyenin imar/iskan/ruhsat işlemlerinden memnuniyet durumunuzu söyler misiniz?,b18_10,1 Çok memnun; 2 Memnun; 3 Orta; 4 Memnun değil; 5 Hiç memnun değil; 6 Fikri yok; 7 Hizmeti yok,b18_10,1 Çok memnun; 2 Memnun; 3 Orta; 4 Memnun değil; 5 Hiç memnun değil; 6 Fikri yok; 7 Hizmeti yok,MEMNUNIYET_IMAR,1 Çok memnun; 2 Memnun; 3 Orta; 4 Memnun değil; 5 Hiç memnun değil; 6 Fikri yok; 7 Hizmeti yok,MEMNUNIYET_IMAR,1 Çok memnun; 2 Memnun; 3 Orta; 4 Memnun değil; 5 Hiç memnun değil; 6 Fikri yok; 7 Hizmeti yok,MEMNUNIYET_IMAR,1 Çok memnun; 2 Memnun; 3 Orta; 4 Memnun değil; 5 Hiç memnun değil; 6 Fikri yok; 7 Hizmeti yok
Good Governance,local_governance,municipal_zoning_permit_satisfaction (il ozel idare),MEMNUNIYET_IL_ISKAN,"B19.4 İl özel idarenin, imar/iskan/ruhsat işlemlerindenmemnun musunuz?",b19_4,1 Çok memnun; 2 Memnun; 3 Orta; 4 Memnun değil; 5 Hiç memnun değil; 6 Fikri yok; 7 Hizmeti yok,b19_4,1 Çok memnun; 2 Memnun; 3 Orta; 4 Memnun değil; 5 Hiç memnun değil; 6 Fikri yok; 7 Hizmeti yok,MEMNUNIYET_IL_ISKAN,1 Çok memnun; 2 Memnun; 3 Orta; 4 Memnun değil; 5 Hiç memnun değil; 6 Fikri yok; 7 Hizmeti yok,MEMNUNIYET_IL_ISKAN,1 Çok memnun; 2 Memnun; 3 Orta; 4 Memnun değil; 5 Hiç memnun değil; 6 Fikri yok; 7 Hizmeti yok,MEMNUNIYET_IL_ISKAN,1 Çok memnun; 2 Memnun; 3 Orta; 4 Memnun değil; 5 Hiç memnun değil; 6 Fikri yok; 7 Hizmeti yok
Community Vitality,crime_victimization,crime_bag_snatching,KAPKAC,"B33.1 2013 yılında kapkaç, yankesicilik vb hırsızlık olayı yaşadınız mı?",b33_1,1 Evet; 2 Hayır,b33_1,1 Evet; 2 Hayır,KAPKAC,1 Evet; 2 Hayır,KAPKAC,1 Evet; 2 Hayır [KAPKAC=2 ise B33.2'ye geçiniz],KAPKAC,1 Evet; 2 Hayır [KAPKAC=2 ise B34.2'ye geçiniz]
Community Vitality,crime_victimization,crime_car_theft,OTO_HIRS,"H21.412013 yılında hanehalkınıza ait otomobil, kamyon, motorsiklet, mopet vb motorlu aracınız çalındı mı?",h21_41,1 Evet; 2 Hayır,h21_4_1,1 Evet; 2 Hayır,OTO_HIRS,1 Evet; 2 Hayır,OTO_HIRS,1 Evet; 2 Hayır [OTO_HIRS=2 ise H21.5'e geçiniz],OTO_HIRS,1 Evet; 2 Hayır [OTO_HIRS=2 ise H21.5'e geçiniz]
Community Vitality,crime_victimization,crime_farmland_theft,TARLA_HIRS,"H21.3 2013 yılında hanehalkınıza ait ev, araç, tarla, bahçe vb mallarınıza diğer kişiler tarafından kasten zarar verildi mi?",h21_3,1 Evet; 2 Hayır,h21_3,1 Evet; 2 Hayır,TARLA_HIRS,1 Evet; 2 Hayır,TARLA_HIRS,1 Evet; 2 Hayır [TARLA_HIRS=2 ise H21.4'e geçiniz],TARLA_HIRS,1 Evet; 2 Hayır [TARLA_HIRS=2 ise H21.4'e geçiniz]
Community Vitality,crime_victimization,crime_fraud,DOLANDIR,B33.7 2013 yılında dolandırıcılık sebebiyle herhangi bir  mağduriyet yaşadınız mı?,b33_7,1 Evet; 2 Hayır,b33_7,1 Evet; 2 Hayır,DOLANDIR,1 Evet; 2 Hayır,DOLANDIR,1 Evet; 2 Hayır [DOLANDIR=2 ise B33.8'e geçiniz],DOLANDIR,1 Evet; 2 Hayır [DOLANDIR=2 ise B34.8'e geçiniz]
Community Vitality,crime_victimization,crime_home_burglary,EV_HIRS,H21.1 2013 yılında evinizde hırsızlık oldu mu?,h21_1,1 Evet; 2 Hayır,h21_1,1 Evet; 2 Hayır,EV_HIRS,1 Evet; 2 Hayır,EV_HIRS,1 Evet; 2 Hayır [EV_HIRS=2 ise H21.2'ye geçiniz],EV_HIRS,1 Evet; 2 Hayır [EV_HIRS=2 ise H21.2'ye geçiniz]
Community Vitality,crime_victimization,crime_household_theft_gateway,HIRSIZLIK,"H21 2013 yılında evinizden-işyerinizden hırsızlık, oto hırsızlığı, otodan hırsızlık ya da ev, tarla, bağ, bahçe vb. kasten zarar verme olaylarından dolayı mağduriyet yaşandı mı?",h21,1 Evet; 2 Hayır,h21,1 Evet; 2 Hayır,HIRSIZLIK,1 Evet; 2 Hayır,HIRSIZLIK,1 Evet; 2 Hayır [HIRSIZLIK=2 ise hane soru formu tamamlanmış olup fert soru formuna geçiniz],HIRSIZLIK,1 Evet; 2 Hayır [HIRSIZLIK=2 ise hane soru formu tamamlanmış olup fert soru formuna geçiniz]
Community Vitality,crime_victimization,crime_mistreatment_by_family_member,FERT_KOTU,B33.4 2013 yılında aile fertlerinizin  herhangi birinden  kötü muamele gördünüz mü,b33_4,1 Evet; 2 Hayır,b33_4,1 Evet; 2 Hayır,FERT_KOTU,1 Evet; 2 Hayır,FERT_KOTU,1 Evet; 2 Hayır [FERT_KOTU=2 ise B33.5'e geçiniz],FERT_KOTU,1 Evet; 2 Hayır [FERT_KOTU=2 ise B34.5'e geçiniz]
Community Vitality,crime_victimization,crime_motorcycle_theft,MOTOR_HIRS,"H21.5 2013 yılında hanehalkınıza ait motorlu aracınızdan herhangi bir şey ( teyp, çanta vb.) çalındı mı?",h21_5,1 Evet; 2 Hayır,h21_5,1 Evet; 2 Hayır,MOTOR_HIRS,1 Evet; 2 Hayır,MOTOR_HIRS,1 Evet; 2 Hayır [MOTOR_HIRS=2 ise H21.6'ya geçiniz],MOTOR_HIRS,1 Evet; 2 Hayır [MOTOR_HIRS=2 ise H21.6'ya geçiniz]
Community Vitality,crime_victimization,crime_other_household_victimization,SUC,H21.6 Bunların dışında herhangi bir suçtan dolayı hanenizde mağduriyet yaşandı mı?belirtiniz,h21_6,1 Evet; 2 Hayır,h21_6,1 Evet; 2 Hayır,SUC,1 Evet; 2 Hayır,SUC,1 Evet; 2 Hayır [SUC=2 ise hane soru formu tamamlanmış olup fert soru formuna geçiniz],SUC,1 Evet; 2 Hayır [SUC=2 ise hane soru formu tamamlanmış olup fert soru formuna geçiniz]
Community Vitality,crime_victimization,crime_other_victimization,BASKASUC,B33.8 2013 yılında bunların dışında herhangi bir sebepten dolayı mağduriyet yaşadınız mı?,b33_8,1 Evet; 2 Hayır,b33_8,1 Evet; 2 Hayır,BASKASUC,1 Evet; 2 Hayır,BASKASUC,1 Evet; 2 Hayır [BASKASUC=2 ise B34.1'e geçiniz],BASKASUC,1 Evet; 2 Hayır [BASKASUC=2 ise B35.1'e geçiniz]
Community Vitality,crime_victimization,crime_physical_assault,DARP,"B33.3 2013 yılında yaralanma, darp olayı yaşadınız mı?",b33_3,1 Evet; 2 Hayır,b33_3,1 Evet; 2 Hayır,DARP,1 Evet; 2 Hayır,DARP,1 Evet; 2 Hayır [DARP=2 ise B33.4'e geçiniz],DARP,1 Evet; 2 Hayır [DARP=2 ise B34.4'e geçiniz]
Community Vitality,crime_victimization,crime_robbery,GASP,B33.2 2013 yılında gasp olayı yaşadınız mı?,b33_2,1 Evet; 2 Hayır,b33_2,1 Evet; 2 Hayır,GASP,1 Evet; 2 Hayır,GASP,1 Evet; 2 Hayır [GASP=2 ise B33.3'e geçiniz],GASP,1 Evet; 2 Hayır [GASP=2 ise B34.3'e geçiniz]
Community Vitality,crime_victimization,crime_sexual_offense,MAGDURIYET,B33.6 2013 yılında cinsel suçlardan dolayı mağduriyet yaşadınız mı?,b33_6,1 Evet; 2 Hayır,b33_6,1 Evet; 2 Hayır,MAGDURIYET,1 Evet; 2 Hayır,MAGDURIYET,1 Evet; 2 Hayır [MAGDURIYET=2 ise B33.7'ye geçiniz],MAGDURIYET,1 Evet; 2 Hayır [MAGDURIYET=2 ise B34.7'ye geçiniz]
Community Vitality,crime_victimization,crime_threat,TEHDIT,"B33.5 2013 yılında herhangi bir nedenden dolayı şantaj, tehdit olayı yaşadınız mı?",b33_5,1 Evet; 2 Hayır,b33_5,1 Evet; 2 Hayır,TEHDIT,1 Evet; 2 Hayır,TEHDIT,1 Evet; 2 Hayır [TEHDIT=2 ise B33.6'ya geçiniz],TEHDIT,1 Evet; 2 Hayır [TEHDIT=2 ise B34.6'ya geçiniz]
Community Vitality,crime_victimization,crime_workplace_burglary,IS_HIRS,H21.21 2013 yılında hanehalkınıza ait işyerinde hırsızlık yaşandı mı?,h21_21,1 Evet; 2 Hayır,h21_2_1,1 Evet; 2 Hayır,IS_HIRS,1 Evet; 2 Hayır,IS_HIRS,1 Evet; 2 Hayır,IS_HIRS,1 Evet; 2 Hayır
Community Vitality,police_conduct,police_behaviour_satisfaction,MEMNUNIYET_POLIS,B32.2 Polis veya jandarmanın vatandaşa davranışından memnun musunuz?,b32_2,1 Evet; 2 Hayır,b32_2,1 Evet; 2 Hayır; 3 Fikri yok,MEMNUNIYET_POLIS,1 Evet; 2 Hayır; 3 Fikri yok,MEMNUNIYET_POLIS,1 Evet; 2 Hayır; 3 Fikri yok,MEMNUNIYET_POLIS,1 Evet; 2 Hayır; 3 Fikri yok
Community Vitality,police_conduct,police_response_timeliness,POL_JAN__MUDAHALE,B32.1 Polis veya Jandarma olaylara zamanında müdahale ediyor mu?,b32_1,1 Evet; 2 Hayır,b32_1,1 Evet; 2 Hayır; 3 Fikri yok,POL_JAN__MUDAHALE,1 Evet; 2 Hayır; 3 Fikri yok,POL_JAN__MUDAHALE,1 Evet; 2 Hayır; 3 Fikri yok,POL_JAN__MUDAHALE,1 Evet; 2 Hayır; 3 Fikri yok
Community Vitality,police_conduct,police_traffic_service_satisfaction,MEMNUNIYET_TRAFIK,B32.3 Polis veya jandarmanın verdiği trafik hizmetinden memnun musunuz?,b32_3,1 Evet; 2 Hayır,b32_3,1 Evet; 2 Hayır; 3 Fikri yok,MEMNUNIYET_TRAFIK,1 Evet; 2 Hayır; 3 Fikri yok,MEMNUNIYET_TRAFIK,1 Evet; 2 Hayır; 3 Fikri yok,MEMNUNIYET_TRAFIK,1 Evet; 2 Hayır; 3 Fikri yok
Community Vitality,relationship_satisfaction,extended_family_satisfaction,OLCEK_MEMNUNIYET_AKRABA,B13.1 Akrabalarınızla ilişkilerinizden memnun musunuz?,b13_1,1 Çok memnun; 2 Memnun; 3 Orta; 4 Memnun değil; 5 Hiç memnun değil,b13_1,1 Çok memnun; 2 Memnun; 3 Orta; 4 Memnun değil; 5 Hiç memnun değil,OLCEK_MEMNUNIYET_AKRABA,1 Çok memnun; 2 Memnun; 3 Orta; 4 Memnun değil; 5 Hiç memnun değil,OLCEK_MEMNUNIYET_AKRABA,1 Çok memnun; 2 Memnun; 3 Orta; 4 Memnun değil; 5 Hiç memnun değil,OLCEK_MEMNUNIYET_AKRABA,1 Çok memnun; 2 Memnun; 3 Orta; 4 Memnun değil; 5 Hiç memnun değil
Community Vitality,relationship_satisfaction,friends_satisfaction,OLCEK_MEMNUNIYET_ARKADAS,B13.2 Arkadaşlarınızla ilişkilerinizden memnun musunuz?,b13_2,1 Çok memnun; 2 Memnun; 3 Orta; 4 Memnun değil; 5 Hiç memnun değil,b13_2,1 Çok memnun; 2 Memnun; 3 Orta; 4 Memnun değil; 5 Hiç memnun değil,OLCEK_MEMNUNIYET_ARKADAS,1 Çok memnun; 2 Memnun; 3 Orta; 4 Memnun değil; 5 Hiç memnun değil,OLCEK_MEMNUNIYET_ARKADAS,1 Çok memnun; 2 Memnun; 3 Orta; 4 Memnun değil; 5 Hiç memnun değil,OLCEK_MEMNUNIYET_ARKADAS,1 Çok memnun; 2 Memnun; 3 Orta; 4 Memnun değil; 5 Hiç memnun değil
Community Vitality,relationship_satisfaction,marriage_satisfaction,OLCEK_MEMNUNIYET_EVLILIK,B12.2 Evliliğinizden memnun musunuz?,b12_2,1 Çok memnun; 2 Memnun; 3 Orta; 4 Memnun değil; 5 Hiç memnun değil,b12_2,1 Çok memnun; 2 Memnun; 3 Orta; 4 Memnun değil; 5 Hiç memnun değil,OLCEK_MEMNUNIYET_EVLILIK,1 Çok memnun; 2 Memnun; 3 Orta; 4 Memnun değil; 5 Hiç memnun değil,OLCEK_MEMNUNIYET_EVLILIK,1 Çok memnun; 2 Memnun; 3 Orta; 4 Memnun değil; 5 Hiç memnun değil,OLCEK_MEMNUNIYET_EVLILIK,1 Çok memnun; 2 Memnun; 3 Orta; 4 Memnun değil; 5 Hiç memnun değil
Community Vitality,relationship_satisfaction,neighbourhood_satisfaction,OLCEK_MEMNUNIYET_SEMT,B12.5 Oturduğunuz semtten veya mahalleden memnun musunuz?,b12_5,1 Çok memnun; 2 Memnun; 3 Orta; 4 Memnun değil; 5 Hiç memnun değil,b12_5,1 Çok memnun; 2 Memnun; 3 Orta; 4 Memnun değil; 5 Hiç memnun değil,OLCEK_MEMNUNIYET_SEMT,1 Çok memnun; 2 Memnun; 3 Orta; 4 Memnun değil; 5 Hiç memnun değil,OLCEK_MEMNUNIYET_SEMT,1 Çok memnun; 2 Memnun; 3 Orta; 4 Memnun değil; 5 Hiç memnun değil,OLCEK_MEMNUNIYET_SEMT,1 Çok memnun; 2 Memnun; 3 Orta; 4 Memnun değil; 5 Hiç memnun değil
Community Vitality,relationship_satisfaction,neighbours_relationship_satisfaction,OLCEK_MEMNUNIYET_KOMSU,B13.3 Komşularınızla ilişkilerinizden memnun musunuz?,b13_3,1 Çok memnun; 2 Memnun; 3 Orta; 4 Memnun değil; 5 Hiç memnun değil,b13_3,1 Çok memnun; 2 Memnun; 3 Orta; 4 Memnun değil; 5 Hiç memnun değil,OLCEK_MEMNUNIYET_KOMSU,1 Çok memnun; 2 Memnun; 3 Orta; 4 Memnun değil; 5 Hiç memnun değil,OLCEK_MEMNUNIYET_KOMSU,1 Çok memnun; 2 Memnun; 3 Orta; 4 Memnun değil; 5 Hiç memnun değil,OLCEK_MEMNUNIYET_KOMSU,1 Çok memnun; 2 Memnun; 3 Orta; 4 Memnun değil; 5 Hiç memnun değil
Community Vitality,relationship_satisfaction,social_life_satisfaction,OLCEK_MEMNUNIYET_SOS_HAYAT,"B12.9 Sosyal hayatınızdan (eğlence, kültürel ve sportif faaliyetler gibi) memnun musunuz?",b12_9,1 Çok memnun; 2 Memnun; 3 Orta; 4 Memnun değil; 5 Hiç memnun değil,b12_9,1 Çok memnun; 2 Memnun; 3 Orta; 4 Memnun değil; 5 Hiç memnun değil,OLCEK_MEMNUNIYET_SOS_HAYAT,1 Çok memnun; 2 Memnun; 3 Orta; 4 Memnun değil; 5 Hiç memnun değil,OLCEK_MEMNUNIYET_SOS_HAYAT,1 Çok memnun; 2 Memnun; 3 Orta; 4 Memnun değil; 5 Hiç memnun değil,OLCEK_MEMNUNIYET_SOS_HAYAT,1 Çok memnun; 2 Memnun; 3 Orta; 4 Memnun değil; 5 Hiç memnun değil
Community Vitality,relationship_satisfaction,workplace_relationships_satisfaction,OLCEK_MEMNUNIYET_ISILISKI,B13.4 İşinizle ilgili kişilerle ilişkilerinizden memnun musunuz?,b13_4,1 Çok memnun; 2 Memnun; 3 Orta; 4 Memnun değil; 5 Hiç memnun değil,b13_4,1 Çok memnun; 2 Memnun; 3 Orta; 4 Memnun değil; 5 Hiç memnun değil,OLCEK_MEMNUNIYET_ISILISKI,1 Çok memnun; 2 Memnun; 3 Orta; 4 Memnun değil; 5 Hiç memnun değil,OLCEK_MEMNUNIYET_ISILISKI,1 Çok memnun; 2 Memnun; 3 Orta; 4 Memnun değil; 5 Hiç memnun değil,OLCEK_MEMNUNIYET_ISILISKI,1 Çok memnun; 2 Memnun; 3 Orta; 4 Memnun değil; 5 Hiç memnun değil
Community Vitality,safety_perception,safety_around_home,GUVEN_CEVRE,"B39 Yaşadığınız çevrede, gece yalnız yürürken kendinizi ne kadar güvende hissediyorsunuz?",b39,1 Çok güvenli; 2 Güvenli; 3 Orta; 4 Güvensiz; 5 Çok güvensiz,b39,1 Çok güvenli; 2 Güvenli; 3 Orta; 4 Güvensiz; 5 Çok güvensiz,GUVEN_CEVRE,1 Çok güvenli; 2 Güvenli; 3 Orta; 4 Güvensiz; 5 Çok güvensiz,GUVEN_CEVRE,1 Çok güvenli; 2 Güvenli; 3 Orta; 4 Güvensiz; 5 Çok güvensiz,GUVEN_CEVRE,1 Çok güvenli; 2 Güvenli; 3 Orta; 4 Güvensiz; 5 Çok güvensiz
Community Vitality,safety_perception,safety_at_home,GUVEN_EV,B38 Evinizde yalnızken kendinizi ne kadar güvende hissediyorsunuz?,b38,1 Çok güvenli; 2 Güvenli; 3 Orta; 4 Güvensiz; 5 Çok güvensiz,b38,1 Çok güvenli; 2 Güvenli; 3 Orta; 4 Güvensiz; 5 Çok güvensiz,GUVEN_EV,1 Çok güvenli; 2 Güvenli; 3 Orta; 4 Güvensiz; 5 Çok güvensiz,GUVEN_EV,1 Çok güvenli; 2 Güvenli; 3 Orta; 4 Güvensiz; 5 Çok güvensiz,GUVEN_EV,1 Çok güvenli; 2 Güvenli; 3 Orta; 4 Güvensiz; 5 Çok güvensiz
Community Vitality,social_pressure,pressure_age,YAS_BASKI,B53.3 Yaşınızdan dolayı üzerinizde herhangi bir toplumsal baskı hissediyor musunuz?,b53_3,1 Hiç bir zaman; 2 Bazen; 3 Sıklıkla; 4 Her zaman,b53_3,1 Hiç bir zaman; 2 Bazen; 3 Sıklıkla; 4 Her zaman,YAS_BASKI,1 Hiç bir zaman; 2 Bazen; 3 Sıklıkla; 4 Her zaman,YAS_BASKI,1 Hiç bir zaman; 2 Bazen; 3 Sıklıkla; 4 Her zaman,YAS_BASKI,1 Hiç bir zaman; 2 Bazen; 3 Sıklıkla; 4 Her zaman
Community Vitality,social_pressure,pressure_clothing,KILIK_KIYAFET,B53.9 Kılık kıyafetinizden dolayı üzerinizde herhangi bir toplumsal baskı hissediyor musunuz?,b53_9,1 Hiç bir zaman; 2 Bazen; 3 Sıklıkla; 4 Her zaman,b53_9,1 Hiç bir zaman; 2 Bazen; 3 Sıklıkla; 4 Her zaman,KILIK_KIYAFET,1 Hiç bir zaman; 2 Bazen; 3 Sıklıkla; 4 Her zaman,KILIK_KIYAFET,1 Hiç bir zaman; 2 Bazen; 3 Sıklıkla; 4 Her zaman,KILIK_KIYAFET,1 Hiç bir zaman; 2 Bazen; 3 Sıklıkla; 4 Her zaman
Community Vitality,social_pressure,pressure_gender,CINSIYET_BASKI,B53.1 Cinsiyetinizden dolayı üzerinizde herhangi bir toplumsal baskı hissediyor musunuz?,b53_1,1 Hiç bir zaman; 2 Bazen; 3 Sıklıkla; 4 Her zaman,b53_1,1 Hiç bir zaman; 2 Bazen; 3 Sıklıkla; 4 Her zaman,CINSIYET_BASKI,1 Hiç bir zaman; 2 Bazen; 3 Sıklıkla; 4 Her zaman,CINSIYET_BASKI,1 Hiç bir zaman; 2 Bazen; 3 Sıklıkla; 4 Her zaman,CINSIYET_BASKI,1 Hiç bir zaman; 2 Bazen; 3 Sıklıkla; 4 Her zaman
Community Vitality,social_pressure,pressure_hometown,MEMLEKETINDEN,B53.7 Memleketinizden dolayı üzerinizde herhangi bir toplumsal baskı hissediyor musunuz?,b53_7,1 Hiç bir zaman; 2 Bazen; 3 Sıklıkla; 4 Her zaman,b53_7,1 Hiç bir zaman; 2 Bazen; 3 Sıklıkla; 4 Her zaman,MEMLEKETINDEN,1 Hiç bir zaman; 2 Bazen; 3 Sıklıkla; 4 Her zaman,MEMLEKETINDEN,1 Hiç bir zaman; 2 Bazen; 3 Sıklıkla; 4 Her zaman,MEMLEKETINDEN,1 Hiç bir zaman; 2 Bazen; 3 Sıklıkla; 4 Her zaman
Community Vitality,social_pressure,pressure_income_level,GELIR_DUZEY_DURUM,B53.11 Gelir düzeyinizden dolayı üzerinizde herhangi bir toplumsal baskı hissediyor musunuz?,b53_11,1 Hiç bir zaman; 2 Bazen; 3 Sıklıkla; 4 Her zaman,b53_11,1 Hiç bir zaman; 2 Bazen; 3 Sıklıkla; 4 Her zaman,GELIR_DUZEY_DURUM,1 Hiç bir zaman; 2 Bazen; 3 Sıklıkla; 4 Her zaman,GELIR_DUZEY_DURUM,1 Hiç bir zaman; 2 Bazen; 3 Sıklıkla; 4 Her zaman,GELIR_DUZEY_DURUM,1 Hiç bir zaman; 2 Bazen; 3 Sıklıkla; 4 Her zaman
Community Vitality,social_pressure,pressure_job,ISINDEN_DOLAYI,B53.8 İşinizden dolayı üzerinizde herhangi bir toplumsal baskı hissediyor musunuz?,b53_8,1 Hiç bir zaman; 2 Bazen; 3 Sıklıkla; 4 Her zaman,b53_8,1 Hiç bir zaman; 2 Bazen; 3 Sıklıkla; 4 Her zaman,ISINDEN_DOLAYI,1 Hiç bir zaman; 2 Bazen; 3 Sıklıkla; 4 Her zaman,ISINDEN_DOLAYI,1 Hiç bir zaman; 2 Bazen; 3 Sıklıkla; 4 Her zaman,ISINDEN_DOLAYI,1 Hiç bir zaman; 2 Bazen; 3 Sıklıkla; 4 Her zaman
Community Vitality,social_pressure,pressure_marital_status,MEDENI_DURUM_BASKI,B53.2 Medeni durumunuzdan dolayı üzerinizde herhangi bir toplumsal baskı hissediyor musunuz?,b53_2,1 Hiç bir zaman; 2 Bazen; 3 Sıklıkla; 4 Her zaman,b53_2,1 Hiç bir zaman; 2 Bazen; 3 Sıklıkla; 4 Her zaman,MEDENI_DURUM_BASKI,1 Hiç bir zaman; 2 Bazen; 3 Sıklıkla; 4 Her zaman,MEDENI_DURUM_BASKI,1 Hiç bir zaman; 2 Bazen; 3 Sıklıkla; 4 Her zaman,MEDENI_DURUM_BASKI,1 Hiç bir zaman; 2 Bazen; 3 Sıklıkla; 4 Her zaman
Community Vitality,social_pressure,pressure_political_view,SIYASI_GORUSTEN,B53.6 Siyasi görüşünüzden dolayı üzerinizde herhangi bir toplumsal baskı hissediyor musunuz?,b53_6,1 Hiç bir zaman; 2 Bazen; 3 Sıklıkla; 4 Her zaman,b53_6,1 Hiç bir zaman; 2 Bazen; 3 Sıklıkla; 4 Her zaman,SIYASI_GORUSTEN,1 Hiç bir zaman; 2 Bazen; 3 Sıklıkla; 4 Her zaman,SIYASI_GORUSTEN,1 Hiç bir zaman; 2 Bazen; 3 Sıklıkla; 4 Her zaman,SIYASI_GORUSTEN,1 Hiç bir zaman; 2 Bazen; 3 Sıklıkla; 4 Her zaman
Community Vitality,social_pressure,pressure_religious_belief,DINI_INANCDAN,B53.5 Dini inanç ve davranışlarınızdan dolayı üzerinizde herhangi bir toplumsal baskı hissediyor musunuz?,b53_5,1 Hiç bir zaman; 2 Bazen; 3 Sıklıkla; 4 Her zaman,b53_5,1 Hiç bir zaman; 2 Bazen; 3 Sıklıkla; 4 Her zaman,DINI_INANCDAN,1 Hiç bir zaman; 2 Bazen; 3 Sıklıkla; 4 Her zaman,DINI_INANCDAN,1 Hiç bir zaman; 2 Bazen; 3 Sıklıkla; 4 Her zaman,DINI_INANCDAN,1 Hiç bir zaman; 2 Bazen; 3 Sıklıkla; 4 Her zaman
Community Vitality,social_pressure,pressure_tradition,GELENEK_GORENEK,B53.4 Gelenek göreneklerinizden dolayı üzerinizde herhangi bir toplumsal baskı hissediyor musunuz?,b53_4,1 Hiç bir zaman; 2 Bazen; 3 Sıklıkla; 4 Her zaman,b53_4,1 Hiç bir zaman; 2 Bazen; 3 Sıklıkla; 4 Her zaman,GELENEK_GORENEK,1 Hiç bir zaman; 2 Bazen; 3 Sıklıkla; 4 Her zaman,GELENEK_GORENEK,1 Hiç bir zaman; 2 Bazen; 3 Sıklıkla; 4 Her zaman,GELENEK_GORENEK,1 Hiç bir zaman; 2 Bazen; 3 Sıklıkla; 4 Her zaman
Community Vitality,social_pressure,pressure_unemployment,ISSIZ_OLMA,"B53.10 İşsiz, çalışmıyor olmaktan dolayı üzerinizde herhangi bir toplumsal baskı hissediyor musunuz?",b53_10,1 Hiç bir zaman; 2 Bazen; 3 Sıklıkla; 4 Her zaman,b53_10,1 Hiç bir zaman; 2 Bazen; 3 Sıklıkla; 4 Her zaman,ISSIZ_OLMA,1 Hiç bir zaman; 2 Bazen; 3 Sıklıkla; 4 Her zaman,ISSIZ_OLMA,1 Hiç bir zaman; 2 Bazen; 3 Sıklıkla; 4 Her zaman,ISSIZ_OLMA,1 Hiç bir zaman; 2 Bazen; 3 Sıklıkla; 4 Her zaman
Ecological Diversity and Resilience,environmental_issues,indoor_noise_problem,K_GURULTU,"H12.4 Yaşadığınız konutta, komşulardan gelen gürültü problemi var mı?",h12_4,1 Evet; 2 Hayır,h12_4,1 Evet; 2 Hayır,K_GURULTU,1 Evet; 2 Hayır,K_GURULTU,1 Evet; 2 Hayır,K_GURULTU,1 Evet; 2 Hayır
Ecological Diversity and Resilience,environmental_issues,outdoor_noise_problem,S_GURULTU,"H12.5 Yaşadığınız konutta, sokaktan gelen gürültü problemi var mı?",h12_5,1 Evet; 2 Hayır,h12_5,1 Evet; 2 Hayır,S_GURULTU,1 Evet; 2 Hayır,S_GURULTU,1 Evet; 2 Hayır,S_GURULTU,1 Evet; 2 Hayır
Ecological Diversity and Resilience,environmental_satisfaction,municipal_green_space_satisfaction,MEMNUNIYET_YESIL; MEMNUNIYET_IL_YESIL,B18.7 Belediyenin yeşil alanların miktarından memnuniyet durumunuzu söyler misiniz?,b18_7,1 Çok memnun; 2 Memnun; 3 Orta; 4 Memnun değil; 5 Hiç memnun değil; 6 Fikri yok; 7 Hizmeti yok,b18_7 / b19_12,1 Çok memnun; 2 Memnun; 3 Orta; 4 Memnun değil; 5 Hiç memnun değil; 6 Fikri yok; 7 Hizmeti yok || 1 Çok memnun; 2 Memnun; 3 Orta; 4 Memnun değil; 5 Hiç memnun değil; 6 Fikri yok; 7 Hizmeti yok,MEMNUNIYET_YESIL / MEMNUNIYET_IL_YESIL,1 Çok memnun; 2 Memnun; 3 Orta; 4 Memnun değil; 5 Hiç memnun değil; 6 Fikri yok; 7 Hizmeti yok || 1 Çok memnun; 2 Memnun; 3 Orta; 4 Memnun değil; 5 Hiç memnun değil; 6 Fikri yok; 7 Hizmeti yok,MEMNUNIYET_YESIL / MEMNUNIYET_IL_YESIL,1 Çok memnun; 2 Memnun; 3 Orta; 4 Memnun değil; 5 Hiç memnun değil; 6 Fikri yok; 7 Hizmeti yok || 1 Çok memnun; 2 Memnun; 3 Orta; 4 Memnun değil; 5 Hiç memnun değil; 6 Fikri yok; 7 Hizmeti yok,MEMNUNIYET_YESIL / MEMNUNIYET_IL_YESIL,1 Çok memnun; 2 Memnun; 3 Orta; 4 Memnun değil; 5 Hiç memnun değil; 6 Fikri yok; 7 Hizmeti yok || 1 Çok memnun; 2 Memnun; 3 Orta; 4 Memnun değil; 5 Hiç memnun değil; 6 Fikri yok; 7 Hizmeti yok
Ecological Diversity and Resilience,environmental_satisfaction,municipal_pollution_control_satisfaction,MEMNUNIYET_KIRLILIK,B18.8 Belediyenin hava kirliliği ile mücadeleden memnuniyet durumunuzu söyler misiniz?,b18_8,1 Çok memnun; 2 Memnun; 3 Orta; 4 Memnun değil; 5 Hiç memnun değil; 6 Fikri yok; 7 Hizmeti yok,b18_8,1 Çok memnun; 2 Memnun; 3 Orta; 4 Memnun değil; 5 Hiç memnun değil; 6 Fikri yok; 7 Hizmeti yok,MEMNUNIYET_KIRLILIK,1 Çok memnun; 2 Memnun; 3 Orta; 4 Memnun değil; 5 Hiç memnun değil; 6 Fikri yok; 7 Hizmeti yok,MEMNUNIYET_KIRLILIK,1 Çok memnun; 2 Memnun; 3 Orta; 4 Memnun değil; 5 Hiç memnun değil; 6 Fikri yok; 7 Hizmeti yok,MEMNUNIYET_KIRLILIK,1 Çok memnun; 2 Memnun; 3 Orta; 4 Memnun değil; 5 Hiç memnun değil; 6 Fikri yok; 7 Hizmeti yok
Living Standards,asset_ownership,owns_any_asset,ISYERI_VAR; OTO_VAR; MULKIYET,H21.2 Hanehalkınıza ait işyeri var mı?,h21_2 / h21_4 / h7,1 Evet; 2 Hayır || 1 Evet; 2 Hayır || 1 Ev sahibi; 2 Kiracı; 3 Lojman; 4 Ev sahibi değil ama kira ödemiyor,h21_2 / h21_4 / h7,1 Evet; 2 Hayır || 1 Evet; 2 Hayır || 1 Ev sahibi; 2 Kiracı; 3 Lojman; 4 Ev sahibi değil ama kira ödemiyor,ISYERI_VAR / OTO_VAR / MULKIYET,1 Evet; 2 Hayır || 1 Evet; 2 Hayır || 1 Ev sahibi; 2 Kiracı; 3 Lojman; 4 Ev sahibi değil ama kira ödemiyor,ISYERI_VAR / OTO_VAR / MULKIYET,1 Evet; 2 Hayır [ISYERI_VAR=2 ise H21.3'e geçiniz] || 1 Evet; 2 Hayır [OTO_VAR=2 ise H21.6'ya geçiniz] || 1 Ev sahibi; 2 Kiracı; 3 Lojman; 4 Ev sahibi değil ama kira ödemiyor,ISYERI_VAR / OTO_VAR / MULKIYET,1 Evet; 2 Hayır [ISYERI_VAR=2 ise H21.3'e geçiniz] || 1 Evet; 2 Hayır [OTO_VAR=2 ise H21.6'ya geçiniz] || 1 Ev sahibi; 2 Kiracı; 3 Lojman; 4 Ev sahibi değil ama kira ödemiyor
Living Standards,housing_issues,dwelling_has_bathroom,KONUT_BANYO,H11.3 Yaşadığınız konutta banyo var mı?,h11_3,1 Konut içinde; 2 Konut dışında; 3 Yok,h11_3,1 Konut içinde; 2 Konut dışında; 3 Yok,KONUT_BANYO,1 Konut içinde; 2 Konut dışında; 3 Yok,KONUT_BANYO,11 Konut içinde; 12 Konut dışında; 2 Yok,KONUT_BANYO,11 Konut içinde; 12 Konut dışında; 2 Yok
Living Standards,housing_issues,dwelling_has_mains_water,KONUT_SEBEKE_SUYU,H10 Yaşadığınız konutta şebeke suyu var mı?,h10,1 Var; 2 Yok,h10,1 Var; 2 Yok,KONUT_SEBEKE_SUYU,1 Var; 2 Yok,KONUT_SEBEKE_SUYU,1 Var; 2 Yok,KONUT_SEBEKE_SUYU,1 Var; 2 Yok
Living Standards,housing_issues,dwelling_has_piped_water_system,SU_SISTEMI,H11.1 Yaşadığınız konutta borulu su sistemi var mı?,h11_1,1 Konut içinde; 2 Konut dışında; 3 Yok,h11_1,1 Konut içinde; 2 Konut dışında; 3 Yok,SU_SISTEMI,1 Konut içinde; 2 Konut dışında; 3 Yok,SU_SISTEMI,11 Konut içinde; 12 Konut dışında; 2 Yok,SU_SISTEMI,11 Konut içinde; 12 Konut dışında; 2 Yok
Living Standards,housing_issues,dwelling_has_toilet,KONUT_TUVALET,H11.2 Yaşadığınız konutta tuvalet var mı?,h11_2,1 Konut içinde; 2 Konut dışında; 3 Yok,h11_2,1 Konut içinde; 2 Konut dışında; 3 Yok,KONUT_TUVALET,1 Konut içinde; 2 Konut dışında; 3 Yok,KONUT_TUVALET,11 Konut içinde; 12 Konut dışında; 2 Yok,KONUT_TUVALET,11 Konut içinde; 12 Konut dışında; 2 Yok
Living Standards,housing_issues,flooding_problem,SU_BASKINI,"H12.3 Yaşadığınız konutta, yağmur yağınca kanalizasyon taşması/su baskını problemi var mı?",h12_3,1 Evet; 2 Hayır,h12_3,1 Evet; 2 Hayır,SU_BASKINI,1 Evet; 2 Hayır,SU_BASKINI,1 Evet; 2 Hayır,SU_BASKINI,1 Evet; 2 Hayır
Living Standards,housing_issues,heating_problem,ISINMA_PROBLEM,"H12.8 Yaşadığınız konutta, ısınma problemi var mı?",h12_8,1 Evet; 2 Hayır,h12_8,1 Evet; 2 Hayır,ISINMA_PROBLEM,1 Evet; 2 Hayır,ISINMA_PROBLEM,1 Evet; 2 Hayır,ISINMA_PROBLEM,1 Evet; 2 Hayır
Living Standards,housing_issues,leaky_roof_damp_walls_problem,CATI,"H12.1 Yaşadığınız konutta, sızdıran çatı, nemli duvar, çürümüş pencere çerçeveleri problemi var mı?",h12_1,1 Evet; 2 Hayır,h12_1,1 Evet; 2 Hayır,CATI,1 Evet; 2 Hayır,CATI,1 Evet; 2 Hayır,CATI,1 Evet; 2 Hayır
Living Standards,housing_issues,poor_lighting_problem,KARANLIK,"H12.2 Yaşadığınız konutta, karanlık, yetersiz gün ışığı problemi var mı?",h12_2,1 Evet; 2 Hayır,h12_2,1 Evet; 2 Hayır,KARANLIK,1 Evet; 2 Hayır,KARANLIK,1 Evet; 2 Hayır,KARANLIK,1 Evet; 2 Hayır
Living Standards,housing_issues,power_outage_problem,ELEK_KESINTI,"H12.6 Yaşadığınız konutta, elektrik kesintisi problemi var mı?",h12_6,1 Evet; 2 Hayır,h12_6,1 Evet; 2 Hayır,ELEK_KESINTI,1 Evet; 2 Hayır,ELEK_KESINTI,1 Evet; 2 Hayır,ELEK_KESINTI,1 Evet; 2 Hayır
Living Standards,housing_issues,water_supply_outage_problem,SEBEKE_SUYU_KESINTI,"H12.7 Yaşadığınız konutta, şebeke suyu kesintisi problemi var mı?",h12_7,1 Evet; 2 Hayır,h12_7,1 Evet; 2 Hayır,SEBEKE_SUYU_KESINTI,1 Evet; 2 Hayır,SEBEKE_SUYU_KESINTI,1 Evet; 2 Hayır,SEBEKE_SUYU_KESINTI,1 Evet; 2 Hayır
Living Standards,housing_satisfaction,housing_satisfaction,OLCEK_MEMNUNIYET_KONUT,B12.4 Oturduğunuz konuttan memnun musunuz?,b12_4,1 Çok memnun; 2 Memnun; 3 Orta; 4 Memnun değil; 5 Hiç memnun değil,b12_4,1 Çok memnun; 2 Memnun; 3 Orta; 4 Memnun değil; 5 Hiç memnun değil,OLCEK_MEMNUNIYET_KONUT,1 Çok memnun; 2 Memnun; 3 Orta; 4 Memnun değil; 5 Hiç memnun değil,OLCEK_MEMNUNIYET_KONUT,1 Çok memnun; 2 Memnun; 3 Orta; 4 Memnun değil; 5 Hiç memnun değil,OLCEK_MEMNUNIYET_KONUT,1 Çok memnun; 2 Memnun; 3 Orta; 4 Memnun değil; 5 Hiç memnun değil
Living Standards,income_and_finances,household_income_satisfaction,OLCEK_MEMNUNIYET_GELIR,B12.8 Aylık hanehalkı gelirinizden memnun musunuz?,b12_8,1 Çok memnun; 2 Memnun; 3 Orta; 4 Memnun değil; 5 Hiç memnun değil,b12_8,1 Çok memnun; 2 Memnun; 3 Orta; 4 Memnun değil; 5 Hiç memnun değil,OLCEK_MEMNUNIYET_GELIR,1 Çok memnun; 2 Memnun; 3 Orta; 4 Memnun değil; 5 Hiç memnun değil,OLCEK_MEMNUNIYET_GELIR,1 Çok memnun; 2 Memnun; 3 Orta; 4 Memnun değil; 5 Hiç memnun değil,OLCEK_MEMNUNIYET_GELIR,1 Çok memnun; 2 Memnun; 3 Orta; 4 Memnun değil; 5 Hiç memnun değil
Living Standards,income_and_finances,income_sufficiency,OLCEK_GELIR_KARSILAMA,H20 Bu gelirle hanenizin temel ihtiyaçlarını hangi düzeyde karşılayabiliyorsunuz?,h20,1 Çok kolay; 2 Kolay; 3 Orta; 4 Zor; 5 Çok zor,h20,1 Çok kolay; 2 Kolay; 3 Orta; 4 Zor; 5 Çok zor,OLCEK_GELIR_KARSILAMA,1 Çok kolay; 2 Kolay; 3 Orta; 4 Zor; 5 Çok zor,OLCEK_GELIR_KARSILAMA,1 Çok kolay; 2 Kolay; 3 Orta; 4 Zor; 5 Çok zor,OLCEK_GELIR_KARSILAMA,1 Çok kolay; 2 Kolay; 3 Orta; 4 Zor; 5 Çok zor
Living Standards,income_and_finances,welfare_ladder_self_placement,UMUT_BASAMAK,"B41 Türkiye'de yaşayan insanların refah düzeyini ""0"" basamağı en düşük ""10"" basamağı en yüksek"" düzey olarak düşündüğünüzde, kendinizi hangi düzeyde görüyorsunuz? DİKKAT! REFAH DÜZEYİ KARTINI GÖSTERİNİZ.",b41,1 Düzey 0; 2 Düzey 1; 3 Düzey 2; 4 Düzey 3; 5 Düzey 4; 6 Düzey 5; 7 Düzey 6; 8 Düzey 7; 9 Düzey 8; 10 Düzey 9; 11 Düzey 10,b41,1 Düzey 0; 2 Düzey 1; 3 Düzey 2; 4 Düzey 3; 5 Düzey 4; 6 Düzey 5; 7 Düzey 6; 8 Düzey 7; 9 Düzey 8; 10 Düzey 9; 11 Düzey 10,UMUT_BASAMAK,1 Düzey 0; 2 Düzey 1; 3 Düzey 2; 4 Düzey 3; 5 Düzey 4; 6 Düzey 5; 7 Düzey 6; 8 Düzey 7; 9 Düzey 8; 10 Düzey 9; 11 Düzey 10,UMUT_BASAMAK,0; 1; 2; 3; 4; 5; 6; 7; 8; 9; 10,UMUT_BASAMAK,0; 1; 2; 3; 4; 5; 6; 7; 8; 9; 10
Job Satisfaction,job_satisfaction,job_satisfaction,OLCEK_MEMNUNIYET_IS,B12.6 İşinizden memnun musunuz?,b12_6,1 Çok memnun; 2 Memnun; 3 Orta; 4 Memnun değil; 5 Hiç memnun değil,b12_6,1 Çok memnun; 2 Memnun; 3 Orta; 4 Memnun değil; 5 Hiç memnun değil,OLCEK_MEMNUNIYET_IS,1 Çok memnun; 2 Memnun; 3 Orta; 4 Memnun değil; 5 Hiç memnun değil,OLCEK_MEMNUNIYET_IS,1 Çok memnun; 2 Memnun; 3 Orta; 4 Memnun değil; 5 Hiç memnun değil,OLCEK_MEMNUNIYET_IS,1 Çok memnun; 2 Memnun; 3 Orta; 4 Memnun değil; 5 Hiç memnun değil
